id,name,category,district,area,default,flag,hash,detection,note
1310000,GridLeak - Downtown 001,GridLeak,Downtown,,True,DowntownGridLeaks_DowntownCompulsionOrb0105D89E-0A02-43C3-8AD3-04A34562CA18,0xE8AD39E8,record present with value >= 1 (any ProgressionManagerData section),
1310001,GridLeak - Downtown 002,GridLeak,Downtown,,True,DowntownGridLeaks_DowntownCompulsionOrb03614385-9121-41E1-92EF-943F437F71BC,0x0929078B,record present with value >= 1 (any ProgressionManagerData section),
1310002,GridLeak - Downtown 003,GridLeak,Downtown,,True,DowntownGridLeaks_DowntownCompulsionOrb07423922-F2B8-43C5-A200-1CA993459816,0x871FB3FE,record present with value >= 1 (any ProgressionManagerData section),
1310003,GridLeak - Downtown 004,GridLeak,Downtown,,True,DowntownGridLeaks_DowntownCompulsionOrb08B5FD77-1DE1-490B-94E6-E199EC464F5C,0x01B7D717,record present with value >= 1 (any ProgressionManagerData section),
1310004,GridLeak - Downtown 005,GridLeak,Downtown,,True,DowntownGridLeaks_DowntownCompulsionOrb09A789A4-2C8D-4149-8052-1D5E2150CF16,0xA420661E,record present with value >= 1 (any ProgressionManagerData section),
1310005,GridLeak - Downtown 006,GridLeak,Downtown,,True,DowntownGridLeaks_DowntownCompulsionOrb144A6A2C-D955-4045-94E8-8F545165D96A,0xD3088532,record present with value >= 1 (any ProgressionManagerData section),
1310006,GridLeak - Downtown 007,GridLeak,Downtown,,True,DowntownGridLeaks_DowntownCompulsionOrb1916C5C9-8C10-48C2-9C49-0F0D897A77A4,0xEF45F84D,record present with value >= 1 (any ProgressionManagerData section),
1310007,GridLeak - Downtown 008,GridLeak,Downtown,,True,DowntownGridLeaks_DowntownCompulsionOrb1A026115-CC89-4F35-85AB-17E050D8A42E,0xBC9D60DC,record present with value >= 1 (any ProgressionManagerData section),
1310008,GridLeak - Downtown 009,GridLeak,Downtown,,True,DowntownGridLeaks_DowntownCompulsionOrb1BF96C51-7027-4EEB-873C-7D78C611523D,0xCC93B291,record present with value >= 1 (any ProgressionManagerData section),
1310009,GridLeak - Downtown 010,GridLeak,Downtown,,True,DowntownGridLeaks_DowntownCompulsionOrb205D634D-AD45-4373-9FB9-15439BA461C2,0x899AE0A0,record present with value >= 1 (any ProgressionManagerData section),
1310010,GridLeak - Downtown 011,GridLeak,Downtown,,True,DowntownGridLeaks_DowntownCompulsionOrb2119B64D-05C8-4BA5-93A3-2A1077A3BA0B,0x2E235EA4,record present with value >= 1 (any ProgressionManagerData section),
1310011,GridLeak - Downtown 012,GridLeak,Downtown,,True,DowntownGridLeaks_DowntownCompulsionOrb2167A0F0-819A-4E0F-82B1-69FA0E6A1431,0x3C41DB19,record present with value >= 1 (any ProgressionManagerData section),
1310012,GridLeak - Downtown 013,GridLeak,Downtown,,True,DowntownGridLeaks_DowntownCompulsionOrb22799E18-1760-4C9E-8D5A-2FDD78EAC75C,0x8603091B,record present with value >= 1 (any ProgressionManagerData section),
1310013,GridLeak - Downtown 014,GridLeak,Downtown,,True,DowntownGridLeaks_DowntownCompulsionOrb26E5B33F-F10F-4088-81CC-34969F578D1F,0x89A80FDC,record present with value >= 1 (any ProgressionManagerData section),
1310014,GridLeak - Downtown 015,GridLeak,Downtown,,True,DowntownGridLeaks_DowntownCompulsionOrb29FB7E5C-3257-4383-9368-345B2EBC9ECB,0x57EFD5E5,record present with value >= 1 (any ProgressionManagerData section),
1310015,GridLeak - Downtown 016,GridLeak,Downtown,,True,DowntownGridLeaks_DowntownCompulsionOrb2D5BEB3F-2006-40C2-957D-C4D042B6C5D6,0xF38029F6,record present with value >= 1 (any ProgressionManagerData section),
1310016,GridLeak - Downtown 017,GridLeak,Downtown,,True,DowntownGridLeaks_DowntownCompulsionOrb320736F8-349D-4429-BFBD-18D082E0EC9F,0x9AF26CEB,record present with value >= 1 (any ProgressionManagerData section),
1310017,GridLeak - Downtown 018,GridLeak,Downtown,,True,DowntownGridLeaks_DowntownCompulsionOrb35AB0F4E-F55A-44B3-B9D3-54333F51BF12,0xFF6EE371,record present with value >= 1 (any ProgressionManagerData section),
1310018,GridLeak - Downtown 019,GridLeak,Downtown,,True,DowntownGridLeaks_DowntownCompulsionOrb36B04D72-D78D-455D-9922-35FC1D97DEA3,0x88F85DC8,record present with value >= 1 (any ProgressionManagerData section),
1310019,GridLeak - Downtown 020,GridLeak,Downtown,,True,DowntownGridLeaks_DowntownCompulsionOrb383EF14A-0D6E-4D38-B2B1-73AD931E724B,0xC061C412,record present with value >= 1 (any ProgressionManagerData section),
1310020,GridLeak - Downtown 021,GridLeak,Downtown,,True,DowntownGridLeaks_DowntownCompulsionOrb38424169-6CCD-4F5F-80DC-57EEA740CD3F,0x259F09C7,record present with value >= 1 (any ProgressionManagerData section),
1310021,GridLeak - Downtown 022,GridLeak,Downtown,,True,DowntownGridLeaks_DowntownCompulsionOrb38B1E4DB-FF86-4BAC-B11D-1D793001C53B,0x47E631F3,record present with value >= 1 (any ProgressionManagerData section),
1310022,GridLeak - Downtown 023,GridLeak,Downtown,,True,DowntownGridLeaks_DowntownCompulsionOrb3A70E94B-763A-4C79-8A29-EFABF9BAA4DA,0xE758E0D5,record present with value >= 1 (any ProgressionManagerData section),
1310023,GridLeak - Downtown 024,GridLeak,Downtown,,True,DowntownGridLeaks_DowntownCompulsionOrb4214996F-6BD1-4B59-A1E4-BF421D93FC6E,0x073CB2BC,record present with value >= 1 (any ProgressionManagerData section),
1310024,GridLeak - Downtown 025,GridLeak,Downtown,,True,DowntownGridLeaks_DowntownCompulsionOrb43E4CADD-3404-4815-8BA2-3AE2B517608A,0x24D32AA3,record present with value >= 1 (any ProgressionManagerData section),
1310025,GridLeak - Downtown 026,GridLeak,Downtown,,True,DowntownGridLeaks_DowntownCompulsionOrb44316216-0E3D-46FB-A2D2-5A5364502FF5,0xCBE1FEAC,record present with value >= 1 (any ProgressionManagerData section),
1310026,GridLeak - Downtown 027,GridLeak,Downtown,,True,DowntownGridLeaks_DowntownCompulsionOrb454EBB85-F6F3-4BE8-B716-EFC5CEA2E18A,0x5E305FD2,record present with value >= 1 (any ProgressionManagerData section),
1310027,GridLeak - Downtown 028,GridLeak,Downtown,,True,DowntownGridLeaks_DowntownCompulsionOrb470B4CA3-9FAF-4EDA-848B-7AB40DBD818E,0x4087DD16,record present with value >= 1 (any ProgressionManagerData section),
1310028,GridLeak - Downtown 029,GridLeak,Downtown,,True,DowntownGridLeaks_DowntownCompulsionOrb488BFA04-E80A-4D9A-A2DC-ACC0E927F31B,0xC8C9DCF5,record present with value >= 1 (any ProgressionManagerData section),
1310029,GridLeak - Downtown 030,GridLeak,Downtown,,True,DowntownGridLeaks_DowntownCompulsionOrb4B24A10B-DAD2-4855-90E4-A48E8A98B4D5,0xA6F004FC,record present with value >= 1 (any ProgressionManagerData section),
1310030,GridLeak - Downtown 031,GridLeak,Downtown,,True,DowntownGridLeaks_DowntownCompulsionOrb4CFC147C-0C61-4567-B69B-528E8864A73A,0x370366FA,record present with value >= 1 (any ProgressionManagerData section),
1310031,GridLeak - Downtown 032,GridLeak,Downtown,,True,DowntownGridLeaks_DowntownCompulsionOrb4DE9FEEE-1124-43E8-88AD-DB5252F2D9DA,0x144D80A2,record present with value >= 1 (any ProgressionManagerData section),
1310032,GridLeak - Downtown 033,GridLeak,Downtown,,True,DowntownGridLeaks_DowntownCompulsionOrb4E3B0B66-46C7-4B52-A6F3-F2EC7FEFC504,0x82C9205B,record present with value >= 1 (any ProgressionManagerData section),
1310033,GridLeak - Downtown 034,GridLeak,Downtown,,True,DowntownGridLeaks_DowntownCompulsionOrb515861B6-E3C8-40F8-B51C-11B765D50227,0xFE1E2796,record present with value >= 1 (any ProgressionManagerData section),
1310034,GridLeak - Downtown 035,GridLeak,Downtown,,True,DowntownGridLeaks_DowntownCompulsionOrb55B43AAB-3C7D-4363-91C3-9248B776C8EB,0xE19F382F,record present with value >= 1 (any ProgressionManagerData section),
1310035,GridLeak - Downtown 036,GridLeak,Downtown,,True,DowntownGridLeaks_DowntownCompulsionOrb56D5AC7C-5E6C-4A64-8FB0-F802F2D84D72,0xA1E34EA5,record present with value >= 1 (any ProgressionManagerData section),
1310036,GridLeak - Downtown 037,GridLeak,Downtown,,True,DowntownGridLeaks_DowntownCompulsionOrb6392A184-C66D-43E0-9660-6FB501F80737,0x7442E8EB,record present with value >= 1 (any ProgressionManagerData section),
1310037,GridLeak - Downtown 038,GridLeak,Downtown,,True,DowntownGridLeaks_DowntownCompulsionOrb65867B14-EB59-4B25-8E1F-556DE0BB9F1C,0x6A1FADD9,record present with value >= 1 (any ProgressionManagerData section),
1310038,GridLeak - Downtown 039,GridLeak,Downtown,,True,DowntownGridLeaks_DowntownCompulsionOrb680EBB26-4CBF-4847-BBBD-C8811232AF94,0x0723BDE1,record present with value >= 1 (any ProgressionManagerData section),
1310039,GridLeak - Downtown 040,GridLeak,Downtown,,True,DowntownGridLeaks_DowntownCompulsionOrb6FC60A9C-BA34-4F5C-933D-0C9A8FDB9E4B,0x00401C34,record present with value >= 1 (any ProgressionManagerData section),
1310040,GridLeak - Downtown 041,GridLeak,Downtown,,True,DowntownGridLeaks_DowntownCompulsionOrb70B8383E-A36F-448D-A383-76B48CC57E14,0xFB98D254,record present with value >= 1 (any ProgressionManagerData section),
1310041,GridLeak - Downtown 042,GridLeak,Downtown,,True,DowntownGridLeaks_DowntownCompulsionOrb741A56ED-FCB2-440D-A7CB-DFF0343A81B0,0x9811A423,record present with value >= 1 (any ProgressionManagerData section),
1310042,GridLeak - Downtown 043,GridLeak,Downtown,,True,DowntownGridLeaks_DowntownCompulsionOrb78CDD4B2-70EE-420F-B490-85C39A45C1A5,0x50CFAAFC,record present with value >= 1 (any ProgressionManagerData section),
1310043,GridLeak - Downtown 044,GridLeak,Downtown,,True,DowntownGridLeaks_DowntownCompulsionOrb7ACDEBC5-0726-4DE8-8999-1195A9F1A1D4,0xC9D40752,record present with value >= 1 (any ProgressionManagerData section),
1310044,GridLeak - Downtown 045,GridLeak,Downtown,,True,DowntownGridLeaks_DowntownCompulsionOrb7B613E30-1DD7-4352-81D5-ACD581C0313A,0x67DBCF3E,record present with value >= 1 (any ProgressionManagerData section),
1310045,GridLeak - Downtown 046,GridLeak,Downtown,,True,DowntownGridLeaks_DowntownCompulsionOrb7BFD135C-D68E-4C2E-B5FF-118FD7D8DB4D,0xB9D47A62,record present with value >= 1 (any ProgressionManagerData section),
1310046,GridLeak - Downtown 047,GridLeak,Downtown,,True,DowntownGridLeaks_DowntownCompulsionOrb833E94E5-C0F6-42CC-A16A-AFF5EC9726A3,0x8E7B3156,record present with value >= 1 (any ProgressionManagerData section),
1310047,GridLeak - Downtown 048,GridLeak,Downtown,,True,DowntownGridLeaks_DowntownCompulsionOrb88801204-B581-4BA4-9FC3-4F7AF8F3E9F1,0xCD703C47,record present with value >= 1 (any ProgressionManagerData section),
1310048,GridLeak - Downtown 049,GridLeak,Downtown,,True,DowntownGridLeaks_DowntownCompulsionOrb8B4F3ECA-2ED4-4585-9C80-42EC9F290270,0xC5572C0A,record present with value >= 1 (any ProgressionManagerData section),
1310049,GridLeak - Downtown 050,GridLeak,Downtown,,True,DowntownGridLeaks_DowntownCompulsionOrb910D838C-7E1C-414B-BAC6-7436AA852550,0xC6215ADE,record present with value >= 1 (any ProgressionManagerData section),
1310050,GridLeak - Downtown 051,GridLeak,Downtown,,True,DowntownGridLeaks_DowntownCompulsionOrb9132BC10-5362-4D5C-9AD6-EB94D98AA504,0xAEBA3587,record present with value >= 1 (any ProgressionManagerData section),
1310051,GridLeak - Downtown 052,GridLeak,Downtown,,True,DowntownGridLeaks_DowntownCompulsionOrb9167C3DA-D4CA-4D77-A703-81A5CE3CD687,0x300D9703,record present with value >= 1 (any ProgressionManagerData section),
1310052,GridLeak - Downtown 053,GridLeak,Downtown,,True,DowntownGridLeaks_DowntownCompulsionOrb91E2B310-DFDE-47B3-A1EF-831E136FCC5C,0x0334C688,record present with value >= 1 (any ProgressionManagerData section),
1310053,GridLeak - Downtown 054,GridLeak,Downtown,,True,DowntownGridLeaks_DowntownCompulsionOrb91F4DB87-B462-4D06-B82A-F8D5793D2A19,0x7A9A060D,record present with value >= 1 (any ProgressionManagerData section),
1310054,GridLeak - Downtown 055,GridLeak,Downtown,,True,DowntownGridLeaks_DowntownCompulsionOrb9895CA10-C49D-4D67-BA32-55C7446C53C6,0x56AC493B,record present with value >= 1 (any ProgressionManagerData section),
1310055,GridLeak - Downtown 056,GridLeak,Downtown,,True,DowntownGridLeaks_DowntownCompulsionOrb9BE66D46-1C57-49DF-8DFA-4F74145DAD2E,0x746180B5,record present with value >= 1 (any ProgressionManagerData section),
1310056,GridLeak - Downtown 057,GridLeak,Downtown,,True,DowntownGridLeaks_DowntownCompulsionOrbA0FB4FD3-2806-4242-A3F4-5C20DE624C8F,0x972011BA,record present with value >= 1 (any ProgressionManagerData section),
1310057,GridLeak - Downtown 058,GridLeak,Downtown,,True,DowntownGridLeaks_DowntownCompulsionOrbA37D2202-B915-4E50-A798-B9A755C00A73,0xCA3D1C2A,record present with value >= 1 (any ProgressionManagerData section),
1310058,GridLeak - Downtown 059,GridLeak,Downtown,,True,DowntownGridLeaks_DowntownCompulsionOrbA5A43701-38F7-435F-8649-0572D2E49DD1,0xAF32F638,record present with value >= 1 (any ProgressionManagerData section),
1310059,GridLeak - Downtown 060,GridLeak,Downtown,,True,DowntownGridLeaks_DowntownCompulsionOrbAA141390-185F-42BC-B137-5EFC93879635,0x142CD963,record present with value >= 1 (any ProgressionManagerData section),
1310060,GridLeak - Downtown 061,GridLeak,Downtown,,True,DowntownGridLeaks_DowntownCompulsionOrbAAAD4016-A39D-4208-8D9D-BEC5EB24D4F6,0x3F057A68,record present with value >= 1 (any ProgressionManagerData section),
1310061,GridLeak - Downtown 062,GridLeak,Downtown,,True,DowntownGridLeaks_DowntownCompulsionOrbAC9BD2D8-6AA0-485D-BC6A-CC1850D7C6AF,0x0B2BCFCD,record present with value >= 1 (any ProgressionManagerData section),
1310062,GridLeak - Downtown 063,GridLeak,Downtown,,True,DowntownGridLeaks_DowntownCompulsionOrbAF49A48A-56C0-4C2F-8AC7-BF67723B742A,0xC9CCB607,record present with value >= 1 (any ProgressionManagerData section),
1310063,GridLeak - Downtown 064,GridLeak,Downtown,,True,DowntownGridLeaks_DowntownCompulsionOrbB22CAF7A-C37B-45FE-BB18-02BF9F4E5B61,0x27F381F8,record present with value >= 1 (any ProgressionManagerData section),
1310064,GridLeak - Downtown 065,GridLeak,Downtown,,True,DowntownGridLeaks_DowntownCompulsionOrbB4F2ED3B-EAEC-4D73-8D94-1B9201528AE3,0xFD4863FA,record present with value >= 1 (any ProgressionManagerData section),
1310065,GridLeak - Downtown 066,GridLeak,Downtown,,True,DowntownGridLeaks_DowntownCompulsionOrbB68F0099-EDBA-4864-B2F0-337926DA8B1C,0xED957939,record present with value >= 1 (any ProgressionManagerData section),
1310066,GridLeak - Downtown 067,GridLeak,Downtown,,True,DowntownGridLeaks_DowntownCompulsionOrbB7A76F27-6C59-45CF-8FBF-34994EB726E1,0xD99A0CFC,record present with value >= 1 (any ProgressionManagerData section),
1310067,GridLeak - Downtown 068,GridLeak,Downtown,,True,DowntownGridLeaks_DowntownCompulsionOrbBC78FE62-4583-4EC5-9A81-D5AC133D4293,0xFCFFF521,record present with value >= 1 (any ProgressionManagerData section),
1310068,GridLeak - Downtown 069,GridLeak,Downtown,,True,DowntownGridLeaks_DowntownCompulsionOrbBCF6CBC7-9C52-4D33-9D25-0192B1451B95,0x87763C6A,record present with value >= 1 (any ProgressionManagerData section),
1310069,GridLeak - Downtown 070,GridLeak,Downtown,,True,DowntownGridLeaks_DowntownCompulsionOrbC37B6622-C037-427F-B302-823ADD767468,0xF708A51C,record present with value >= 1 (any ProgressionManagerData section),
1310070,GridLeak - Downtown 071,GridLeak,Downtown,,True,DowntownGridLeaks_DowntownCompulsionOrbC551E835-C5BC-4A12-B441-230FEB05F534,0x6EE3C1A4,record present with value >= 1 (any ProgressionManagerData section),
1310071,GridLeak - Downtown 072,GridLeak,Downtown,,True,DowntownGridLeaks_DowntownCompulsionOrbCAE6D2E4-7612-4767-8B22-340D40F7DE68,0xE735B41B,record present with value >= 1 (any ProgressionManagerData section),
1310072,GridLeak - Downtown 073,GridLeak,Downtown,,True,DowntownGridLeaks_DowntownCompulsionOrbCFB2D580-2A92-43ED-800A-13968885104C,0x0BC926C3,record present with value >= 1 (any ProgressionManagerData section),
1310073,GridLeak - Downtown 074,GridLeak,Downtown,,True,DowntownGridLeaks_DowntownCompulsionOrbD41557C6-66A9-4A16-AF0B-17004AF3005A,0x74DF2770,record present with value >= 1 (any ProgressionManagerData section),
1310074,GridLeak - Downtown 075,GridLeak,Downtown,,True,DowntownGridLeaks_DowntownCompulsionOrbE0F61330-FAB2-439A-9B2D-AC586B71A14B,0x5503D8C4,record present with value >= 1 (any ProgressionManagerData section),
1310075,GridLeak - Downtown 076,GridLeak,Downtown,,True,DowntownGridLeaks_DowntownCompulsionOrbEA593001-4C67-4ECC-B661-F2816D7F98E1,0xB677AAAB,record present with value >= 1 (any ProgressionManagerData section),
1310076,GridLeak - Downtown 077,GridLeak,Downtown,,True,DowntownGridLeaks_DowntownCompulsionOrbEBCE7F38-F961-4127-A0F2-50197198F080,0x3289DC6C,record present with value >= 1 (any ProgressionManagerData section),
1310077,GridLeak - Downtown 078,GridLeak,Downtown,,True,DowntownGridLeaks_DowntownCompulsionOrbEC9B34DE-F8E0-445E-94DC-8F5D76133B4A,0x576A853C,record present with value >= 1 (any ProgressionManagerData section),
1310078,GridLeak - Downtown 079,GridLeak,Downtown,,True,DowntownGridLeaks_DowntownCompulsionOrbEF041E09-6DB3-4895-91D1-E319A68C454E,0x62D91078,record present with value >= 1 (any ProgressionManagerData section),
1310079,GridLeak - Downtown 080,GridLeak,Downtown,,True,DowntownGridLeaks_DowntownCompulsionOrbEF144417-EDD0-49B6-8221-892C5D691C2F,0xB8DB54D3,record present with value >= 1 (any ProgressionManagerData section),
1310080,GridLeak - Downtown 081,GridLeak,Downtown,,True,DowntownGridLeaks_DowntownCompulsionOrbF19425BD-E4ED-4082-BAAE-04CD82438C18,0x847C8900,record present with value >= 1 (any ProgressionManagerData section),
1310081,GridLeak - Downtown 082,GridLeak,Downtown,,True,DowntownGridLeaks_DowntownCompulsionOrbF719D55C-0EA3-4898-AFF9-0696F8BDA6CD,0x5F7C6AB3,record present with value >= 1 (any ProgressionManagerData section),
1310082,GridLeak - Downtown 083,GridLeak,Downtown,,True,DowntownGridLeaks_DowntownCompulsionOrbF82A281E-81B5-4F72-8062-1B15E1C456C7,0xF3EEC52B,record present with value >= 1 (any ProgressionManagerData section),
1310083,GridLeak - Downtown 084,GridLeak,Downtown,,True,DowntownGridLeaks_DowntownCompulsionOrbF88C9F37-8CED-4D2A-8691-2FBEDBB8765B,0xF95A83A6,record present with value >= 1 (any ProgressionManagerData section),
1310084,GridLeak - Downtown 085,GridLeak,Downtown,,True,DowntownGridLeaks_DowntownCompulsionOrbF9964C77-355A-4711-B743-300E9DBEA83C,0x6FEB933F,record present with value >= 1 (any ProgressionManagerData section),
1310085,GridLeak - Downtown 086,GridLeak,Downtown,,True,DowntownGridLeaks_DowntownCompulsionOrbFD9F0DAF-C5F8-43C9-9908-F40E22D6A72B,0x0AC9329E,record present with value >= 1 (any ProgressionManagerData section),
1310086,GridLeak - Downtown 087,GridLeak,Downtown,,True,DowntownGridLeaks_DowntownCompulsionOrbFE184ACF-4159-446B-AB6C-E8FD7FA7CE0A,0x3B239AC0,record present with value >= 1 (any ProgressionManagerData section),
1310087,GridLeak - Anchor 001,GridLeak,Anchor,,True,AnchorGridLeaks_AnchorCompulsionOrb03D3A619-C32A-490B-A8BC-5C8D589954C9,0x92E8432D,record present with value >= 1 (any ProgressionManagerData section),
1310088,GridLeak - Anchor 002,GridLeak,Anchor,,True,AnchorGridLeaks_AnchorCompulsionOrb073B405A-3217-43B5-BCCB-3265F001B80E,0x78CCCAF5,record present with value >= 1 (any ProgressionManagerData section),
1310089,GridLeak - Anchor 003,GridLeak,Anchor,,True,AnchorGridLeaks_AnchorCompulsionOrb0958FA8C-F522-4E88-AC20-7CE43DDC6580,0x97EC28DA,record present with value >= 1 (any ProgressionManagerData section),
1310090,GridLeak - Anchor 004,GridLeak,Anchor,,True,AnchorGridLeaks_AnchorCompulsionOrb09CFA2CC-1482-4F1B-98FC-3ABCE6DE4F0D,0x9DD52D0C,record present with value >= 1 (any ProgressionManagerData section),
1310091,GridLeak - Anchor 005,GridLeak,Anchor,,True,AnchorGridLeaks_AnchorCompulsionOrb1152EAF5-487E-49A8-BE3C-CA869C22499E,0x673A4CD4,record present with value >= 1 (any ProgressionManagerData section),
1310092,GridLeak - Anchor 006,GridLeak,Anchor,,True,AnchorGridLeaks_AnchorCompulsionOrb11E3C50C-A00E-493B-93CE-AC6E962ED9F3,0xCB171A38,record present with value >= 1 (any ProgressionManagerData section),
1310093,GridLeak - Anchor 007,GridLeak,Anchor,,True,AnchorGridLeaks_AnchorCompulsionOrb1584D1B1-0AA1-4344-84A8-F27E294003A5,0xC2F476FD,record present with value >= 1 (any ProgressionManagerData section),
1310094,GridLeak - Anchor 008,GridLeak,Anchor,,True,AnchorGridLeaks_AnchorCompulsionOrb1A3961AC-E380-4F13-B0E2-4E23ACFD0DFD,0x0C1B62EC,record present with value >= 1 (any ProgressionManagerData section),
1310095,GridLeak - Anchor 009,GridLeak,Anchor,,True,AnchorGridLeaks_AnchorCompulsionOrb1F13A056-347F-49FA-8FE9-14F1837F2865,0x5AE19B86,record present with value >= 1 (any ProgressionManagerData section),
1310096,GridLeak - Anchor 010,GridLeak,Anchor,,True,AnchorGridLeaks_AnchorCompulsionOrb2275BEAA-F259-4C9B-9020-65E74CE575EC,0xDDE5A196,record present with value >= 1 (any ProgressionManagerData section),
1310097,GridLeak - Anchor 011,GridLeak,Anchor,,True,AnchorGridLeaks_AnchorCompulsionOrb2E319319-305F-4DA3-B6E4-9DE5CC35D49A,0x1316C03D,record present with value >= 1 (any ProgressionManagerData section),
1310098,GridLeak - Anchor 012,GridLeak,Anchor,,True,AnchorGridLeaks_AnchorCompulsionOrb302C1C86-C21F-432A-88FD-028D87E0AEF0,0x8F1C9596,record present with value >= 1 (any ProgressionManagerData section),
1310099,GridLeak - Anchor 013,GridLeak,Anchor,,True,AnchorGridLeaks_AnchorCompulsionOrb330AD451-B753-45F8-9EC0-C3FD3A84F0DF,0xF5BF7B80,record present with value >= 1 (any ProgressionManagerData section),
1310100,GridLeak - Anchor 014,GridLeak,Anchor,,True,AnchorGridLeaks_AnchorCompulsionOrb332A7DE2-8256-44B7-A626-CC575C9759EA,0x2BD902B4,record present with value >= 1 (any ProgressionManagerData section),
1310101,GridLeak - Anchor 015,GridLeak,Anchor,,True,AnchorGridLeaks_AnchorCompulsionOrb37CA6CBB-4C32-473F-AC81-030567E0F270,0x50602F27,record present with value >= 1 (any ProgressionManagerData section),
1310102,GridLeak - Anchor 016,GridLeak,Anchor,,True,AnchorGridLeaks_AnchorCompulsionOrb39016CB3-370C-4DE2-9119-775C7215C12F,0x4BDBCC30,record present with value >= 1 (any ProgressionManagerData section),
1310103,GridLeak - Anchor 017,GridLeak,Anchor,,True,AnchorGridLeaks_AnchorCompulsionOrb3DE14469-2BFE-4528-8710-B382BD1C757F,0x806193F8,record present with value >= 1 (any ProgressionManagerData section),
1310104,GridLeak - Anchor 018,GridLeak,Anchor,,True,AnchorGridLeaks_AnchorCompulsionOrb43844F0B-063A-4BA3-9EDA-B92D9F419969,0x94308DE4,record present with value >= 1 (any ProgressionManagerData section),
1310105,GridLeak - Anchor 019,GridLeak,Anchor,,True,AnchorGridLeaks_AnchorCompulsionOrb44FD6150-06A2-48C1-8790-B97C3E55340A,0x849ECF7C,record present with value >= 1 (any ProgressionManagerData section),
1310106,GridLeak - Anchor 020,GridLeak,Anchor,,True,AnchorGridLeaks_AnchorCompulsionOrb45E88712-AB34-4231-9643-AA5D80255FBF,0x625E80CF,record present with value >= 1 (any ProgressionManagerData section),
1310107,GridLeak - Anchor 021,GridLeak,Anchor,,True,AnchorGridLeaks_AnchorCompulsionOrb463BE9BB-D153-479C-B65A-6351B3DA5EBF,0x1F79885A,record present with value >= 1 (any ProgressionManagerData section),
1310108,GridLeak - Anchor 022,GridLeak,Anchor,,True,AnchorGridLeaks_AnchorCompulsionOrb4794A660-14BF-40EC-949B-4C460644544C,0xC80A2451,record present with value >= 1 (any ProgressionManagerData section),
1310109,GridLeak - Anchor 023,GridLeak,Anchor,,True,AnchorGridLeaks_AnchorCompulsionOrb48892BBC-EC60-40D4-8EC5-DE0E6B003A9E,0x59201433,record present with value >= 1 (any ProgressionManagerData section),
1310110,GridLeak - Anchor 024,GridLeak,Anchor,,True,AnchorGridLeaks_AnchorCompulsionOrb4A98F094-DEBF-4050-92E3-13168338766E,0x18B8583F,record present with value >= 1 (any ProgressionManagerData section),
1310111,GridLeak - Anchor 025,GridLeak,Anchor,,True,AnchorGridLeaks_AnchorCompulsionOrb4AD66EE8-1036-4C0F-82FD-48F06E7AAE61,0x93685FC6,record present with value >= 1 (any ProgressionManagerData section),
1310112,GridLeak - Anchor 026,GridLeak,Anchor,,True,AnchorGridLeaks_AnchorCompulsionOrb4B0C7415-0483-4A45-AF93-4DEF36BEE581,0xD8C5A8C2,record present with value >= 1 (any ProgressionManagerData section),
1310113,GridLeak - Anchor 027,GridLeak,Anchor,,True,AnchorGridLeaks_AnchorCompulsionOrb59948FCE-B74A-42B7-BFA4-CAA72036B7F8,0xC9D095DD,record present with value >= 1 (any ProgressionManagerData section),
1310114,GridLeak - Anchor 028,GridLeak,Anchor,,True,AnchorGridLeaks_AnchorCompulsionOrb5BB2F9BF-1B6B-4D99-B404-90E4ADB7615F,0x78EBE59B,record present with value >= 1 (any ProgressionManagerData section),
1310115,GridLeak - Anchor 029,GridLeak,Anchor,,True,AnchorGridLeaks_AnchorCompulsionOrb5C2D28E5-90B0-4AE3-B091-84616FC43306,0x72D9F4AC,record present with value >= 1 (any ProgressionManagerData section),
1310116,GridLeak - Anchor 030,GridLeak,Anchor,,True,AnchorGridLeaks_AnchorCompulsionOrb5D749A23-2698-417B-A8A2-55100291746D,0x84B33110,record present with value >= 1 (any ProgressionManagerData section),
1310117,GridLeak - Anchor 031,GridLeak,Anchor,,True,AnchorGridLeaks_AnchorCompulsionOrb6149CFC2-7E6D-407B-9904-E9A0A3035803,0xDB96B287,record present with value >= 1 (any ProgressionManagerData section),
1310118,GridLeak - Anchor 032,GridLeak,Anchor,,True,AnchorGridLeaks_AnchorCompulsionOrb6B860D41-99E4-4F5A-98D2-9748C6EB00D5,0x0192D6F4,record present with value >= 1 (any ProgressionManagerData section),
1310119,GridLeak - Anchor 033,GridLeak,Anchor,,True,AnchorGridLeaks_AnchorCompulsionOrb7683DAC8-7FEA-4B11-AB63-2F613B431D2F,0x9000E2CB,record present with value >= 1 (any ProgressionManagerData section),
1310120,GridLeak - Anchor 034,GridLeak,Anchor,,True,AnchorGridLeaks_AnchorCompulsionOrb780C4EFF-C391-40E9-A4A7-BF9684C4C269,0x166CE35E,record present with value >= 1 (any ProgressionManagerData section),
1310121,GridLeak - Anchor 035,GridLeak,Anchor,,True,AnchorGridLeaks_AnchorCompulsionOrb7876BCA5-E47D-4ACD-993F-A9E2B83F433D,0x58F75070,record present with value >= 1 (any ProgressionManagerData section),
1310122,GridLeak - Anchor 036,GridLeak,Anchor,,True,AnchorGridLeaks_AnchorCompulsionOrb792BED4E-49DB-4399-B20D-E649E3893478,0x6D1736D9,record present with value >= 1 (any ProgressionManagerData section),
1310123,GridLeak - Anchor 037,GridLeak,Anchor,,True,AnchorGridLeaks_AnchorCompulsionOrb7AFDD58C-8A59-4C24-8994-757DB62B4CD5,0x3B1D95DB,record present with value >= 1 (any ProgressionManagerData section),
1310124,GridLeak - Anchor 038,GridLeak,Anchor,,True,AnchorGridLeaks_AnchorCompulsionOrb7DA8AA40-C1D1-45EE-A73F-F8894994F117,0xF30272BB,record present with value >= 1 (any ProgressionManagerData section),
1310125,GridLeak - Anchor 039,GridLeak,Anchor,,True,AnchorGridLeaks_AnchorCompulsionOrb7FAD4E52-66DA-4927-A2E9-44B2012B119F,0xE3C5F000,record present with value >= 1 (any ProgressionManagerData section),
1310126,GridLeak - Anchor 040,GridLeak,Anchor,,True,AnchorGridLeaks_AnchorCompulsionOrb82301606-1F2B-4020-9BC8-9FA2EF98C816,0x5A3D6AE5,record present with value >= 1 (any ProgressionManagerData section),
1310127,GridLeak - Anchor 041,GridLeak,Anchor,,True,AnchorGridLeaks_AnchorCompulsionOrb862C74AB-82B4-4A32-BDEE-4E56F22C75A9,0x42AC76C2,record present with value >= 1 (any ProgressionManagerData section),
1310128,GridLeak - Anchor 042,GridLeak,Anchor,,True,AnchorGridLeaks_AnchorCompulsionOrb8794ADE8-BA63-4F3D-BD22-F98AC3DD1E49,0x0F63242E,record present with value >= 1 (any ProgressionManagerData section),
1310129,GridLeak - Anchor 043,GridLeak,Anchor,,True,AnchorGridLeaks_AnchorCompulsionOrb87B3416D-C7C5-4566-9A9D-F9EF7C8B248B,0xF78DE9BF,record present with value >= 1 (any ProgressionManagerData section),
1310130,GridLeak - Anchor 044,GridLeak,Anchor,,True,AnchorGridLeaks_AnchorCompulsionOrb880928A3-5451-4922-A5F6-E0029C53C79D,0xD0BA0521,record present with value >= 1 (any ProgressionManagerData section),
1310131,GridLeak - Anchor 045,GridLeak,Anchor,,True,AnchorGridLeaks_AnchorCompulsionOrb91869B42-B780-433C-888B-E6FBD440ED5A,0x1BCF7B83,record present with value >= 1 (any ProgressionManagerData section),
1310132,GridLeak - Anchor 046,GridLeak,Anchor,,True,AnchorGridLeaks_AnchorCompulsionOrb9320FAFF-B35D-421A-925C-EA61E84A9ADD,0x92438BC9,record present with value >= 1 (any ProgressionManagerData section),
1310133,GridLeak - Anchor 047,GridLeak,Anchor,,True,AnchorGridLeaks_AnchorCompulsionOrb95A715B2-8A94-4CD0-9E23-23588F407CA5,0x78361A0C,record present with value >= 1 (any ProgressionManagerData section),
1310134,GridLeak - Anchor 048,GridLeak,Anchor,,True,AnchorGridLeaks_AnchorCompulsionOrb95B53EE1-72A9-4D7B-8428-5F7FE9B4FFE6,0xF842D6C2,record present with value >= 1 (any ProgressionManagerData section),
1310135,GridLeak - Anchor 049,GridLeak,Anchor,,True,AnchorGridLeaks_AnchorCompulsionOrb996702C1-45B6-4622-92A4-AA435B909276,0x5D3DB395,record present with value >= 1 (any ProgressionManagerData section),
1310136,GridLeak - Anchor 050,GridLeak,Anchor,,True,AnchorGridLeaks_AnchorCompulsionOrbA3F726D0-32BC-4400-AF37-A50B8689D872,0x618C723E,record present with value >= 1 (any ProgressionManagerData section),
1310137,GridLeak - Anchor 051,GridLeak,Anchor,,True,AnchorGridLeaks_AnchorCompulsionOrbA7805A7F-F8F5-4E7E-A157-CDE2FA446DC9,0xF1EC5726,record present with value >= 1 (any ProgressionManagerData section),
1310138,GridLeak - Anchor 052,GridLeak,Anchor,,True,AnchorGridLeaks_AnchorCompulsionOrbAA1223DE-1B28-4051-BEB6-BE2D71D876B2,0x73A4022D,record present with value >= 1 (any ProgressionManagerData section),
1310139,GridLeak - Anchor 053,GridLeak,Anchor,,True,AnchorGridLeaks_AnchorCompulsionOrbABC1988B-3BA0-4FFC-8E6E-9CA3BE34395B,0x18B7F018,record present with value >= 1 (any ProgressionManagerData section),
1310140,GridLeak - Anchor 054,GridLeak,Anchor,,True,AnchorGridLeaks_AnchorCompulsionOrbAE814204-719A-4C99-B3B8-B512BD9DDE55,0x018FAD9D,record present with value >= 1 (any ProgressionManagerData section),
1310141,GridLeak - Anchor 055,GridLeak,Anchor,,True,AnchorGridLeaks_AnchorCompulsionOrbB06C3E4E-08E1-4C83-8D31-48157864B4CC,0xCF7752D3,record present with value >= 1 (any ProgressionManagerData section),
1310142,GridLeak - Anchor 056,GridLeak,Anchor,,True,AnchorGridLeaks_AnchorCompulsionOrbB67E0EBB-6591-4765-B1E7-ED6E10962FFE,0x82CFBE2C,record present with value >= 1 (any ProgressionManagerData section),
1310143,GridLeak - Anchor 057,GridLeak,Anchor,,True,AnchorGridLeaks_AnchorCompulsionOrbBCFD5AB2-4587-4D70-B2AB-9FC21BBEBBA8,0x6BDD7D90,record present with value >= 1 (any ProgressionManagerData section),
1310144,GridLeak - Anchor 058,GridLeak,Anchor,,True,AnchorGridLeaks_AnchorCompulsionOrbBEB4564A-06C3-4ED9-8659-70ED8709570C,0x6A3E6010,record present with value >= 1 (any ProgressionManagerData section),
1310145,GridLeak - Anchor 059,GridLeak,Anchor,,True,AnchorGridLeaks_AnchorCompulsionOrbC08AE900-4F5A-43F0-B8EF-F391873C0A96,0xD5BFC09A,record present with value >= 1 (any ProgressionManagerData section),
1310146,GridLeak - Anchor 060,GridLeak,Anchor,,True,AnchorGridLeaks_AnchorCompulsionOrbC27CF0AC-66EC-4D74-A3BE-E54A9588922E,0xDC1A419A,record present with value >= 1 (any ProgressionManagerData section),
1310147,GridLeak - Anchor 061,GridLeak,Anchor,,True,AnchorGridLeaks_AnchorCompulsionOrbC2E43FDC-0E6B-4786-B11E-FE56409E6EF9,0xA8339953,record present with value >= 1 (any ProgressionManagerData section),
1310148,GridLeak - Anchor 062,GridLeak,Anchor,,True,AnchorGridLeaks_AnchorCompulsionOrbC44D234F-199A-47C5-984F-4DCAD8B3EA95,0xB9CA7F4B,record present with value >= 1 (any ProgressionManagerData section),
1310149,GridLeak - Anchor 063,GridLeak,Anchor,,True,AnchorGridLeaks_AnchorCompulsionOrbC49A9B72-3FAC-4BF2-96CD-4C9F5ED561A5,0x982887E8,record present with value >= 1 (any ProgressionManagerData section),
1310150,GridLeak - Anchor 064,GridLeak,Anchor,,True,AnchorGridLeaks_AnchorCompulsionOrbD23153A2-517B-4DD3-83F6-D96C674F392F,0xFF411397,record present with value >= 1 (any ProgressionManagerData section),
1310151,GridLeak - Anchor 065,GridLeak,Anchor,,True,AnchorGridLeaks_AnchorCompulsionOrbD2DD823B-D778-4EFA-8CCD-B3E209F6C3D9,0x6D92B8F7,record present with value >= 1 (any ProgressionManagerData section),
1310152,GridLeak - Anchor 066,GridLeak,Anchor,,True,AnchorGridLeaks_AnchorCompulsionOrbD45CED2D-5D06-40A2-B6FF-96D280C9C7B2,0x9D2B8354,record present with value >= 1 (any ProgressionManagerData section),
1310153,GridLeak - Anchor 067,GridLeak,Anchor,,True,AnchorGridLeaks_AnchorCompulsionOrbD72199FA-5028-42CE-9ACB-92DC4B9FACEB,0x1321183F,record present with value >= 1 (any ProgressionManagerData section),
1310154,GridLeak - Anchor 068,GridLeak,Anchor,,True,AnchorGridLeaks_AnchorCompulsionOrbD750615A-F534-4A58-A4AB-C705B7D42078,0x5110C758,record present with value >= 1 (any ProgressionManagerData section),
1310155,GridLeak - Anchor 069,GridLeak,Anchor,,True,AnchorGridLeaks_AnchorCompulsionOrbD852EF53-952D-417F-85BF-35BFE7F953A7,0x12D1DFD8,record present with value >= 1 (any ProgressionManagerData section),
1310156,GridLeak - Anchor 070,GridLeak,Anchor,,True,AnchorGridLeaks_AnchorCompulsionOrbD9C8A7D1-B162-45D3-A0CD-7F19A03CD9C8,0x303B95D2,record present with value >= 1 (any ProgressionManagerData section),
1310157,GridLeak - Anchor 071,GridLeak,Anchor,,True,AnchorGridLeaks_AnchorCompulsionOrbDF8E6F32-F9EB-4A31-9AA6-E15A9A92BB0F,0x1C0BB295,record present with value >= 1 (any ProgressionManagerData section),
1310158,GridLeak - Anchor 072,GridLeak,Anchor,,True,AnchorGridLeaks_AnchorCompulsionOrbE10D5BC8-461E-43A3-AD63-DF13BE6BA815,0x2DCE853F,record present with value >= 1 (any ProgressionManagerData section),
1310159,GridLeak - Anchor 073,GridLeak,Anchor,,True,AnchorGridLeaks_AnchorCompulsionOrbE178E30B-0F22-4866-AE1E-36624E200B5D,0xBBC9B2BA,record present with value >= 1 (any ProgressionManagerData section),
1310160,GridLeak - Anchor 074,GridLeak,Anchor,,True,AnchorGridLeaks_AnchorCompulsionOrbE1CF228C-6702-4F7D-BD3C-6321234E29B2,0x33513BCD,record present with value >= 1 (any ProgressionManagerData section),
1310161,GridLeak - Anchor 075,GridLeak,Anchor,,True,AnchorGridLeaks_AnchorCompulsionOrbE5D24562-EBAE-46EE-9B9D-8DD301BE408A,0x93004B4A,record present with value >= 1 (any ProgressionManagerData section),
1310162,GridLeak - Anchor 076,GridLeak,Anchor,,True,AnchorGridLeaks_AnchorCompulsionOrbE8F87BF3-7E14-4E52-8266-41FE8D87A4A9,0x719E0EEE,record present with value >= 1 (any ProgressionManagerData section),
1310163,GridLeak - Anchor 077,GridLeak,Anchor,,True,AnchorGridLeaks_AnchorCompulsionOrbEE013EF0-2D86-450F-813B-AC38787E0828,0x1833E27E,record present with value >= 1 (any ProgressionManagerData section),
1310164,GridLeak - Anchor 078,GridLeak,Anchor,,True,AnchorGridLeaks_AnchorCompulsionOrbEE15FC51-5AFB-4131-8847-9177C11942D5,0xC31EECEA,record present with value >= 1 (any ProgressionManagerData section),
1310165,GridLeak - Anchor 079,GridLeak,Anchor,,True,AnchorGridLeaks_AnchorCompulsionOrbF09DC856-2AFA-44A5-B2E1-8032BB97A4B5,0x70A5476C,record present with value >= 1 (any ProgressionManagerData section),
1310166,GridLeak - Anchor 080,GridLeak,Anchor,,True,AnchorGridLeaks_AnchorCompulsionOrbF1E822E8-FC63-42BA-AA9D-61714B3D6FB8,0xF31FDA3B,record present with value >= 1 (any ProgressionManagerData section),
1310167,GridLeak - Anchor 081,GridLeak,Anchor,,True,AnchorGridLeaks_AnchorCompulsionOrbF662384D-529D-4A94-9D04-D72790A83F75,0x5DD42D9B,record present with value >= 1 (any ProgressionManagerData section),
1310168,GridLeak - Anchor 082,GridLeak,Anchor,,True,AnchorGridLeaks_AnchorCompulsionOrbFA05B33B-1B3E-471D-9B0B-22813697877F,0xFF5E671A,record present with value >= 1 (any ProgressionManagerData section),
1310169,GridLeak - Anchor 083,GridLeak,Anchor,,True,AnchorGridLeaks_AnchorCompulsionOrbFC381FDE-478B-472D-8AA2-4E7E232B709E,0x20437309,record present with value >= 1 (any ProgressionManagerData section),
1310170,GridLeak - The View 001,GridLeak,The View,,True,TheViewGridLeaks_TheViewCompulsionOrb00A2CA7B-1204-4008-81D5-FC116B8ACD89,0x3DEBB6A7,record present with value >= 1 (any ProgressionManagerData section),
1310171,GridLeak - The View 002,GridLeak,The View,,True,TheViewGridLeaks_TheViewCompulsionOrb04D4E6E3-FF10-49D6-8A94-E8FF73D96C2D,0x2D8610A2,record present with value >= 1 (any ProgressionManagerData section),
1310172,GridLeak - The View 003,GridLeak,The View,,True,TheViewGridLeaks_TheViewCompulsionOrb096D406B-52FE-4A13-B3F6-ED044E01BAA9,0x4331FC29,record present with value >= 1 (any ProgressionManagerData section),
1310173,GridLeak - The View 004,GridLeak,The View,,True,TheViewGridLeaks_TheViewCompulsionOrb0C8DA1AF-2A64-4E81-8BB2-A226A478C474,0x7CD1573C,record present with value >= 1 (any ProgressionManagerData section),
1310174,GridLeak - The View 005,GridLeak,The View,,True,TheViewGridLeaks_TheViewCompulsionOrb0DAB9C79-DC87-4FC8-BF5A-729DF50A8767,0x5A6E6B18,record present with value >= 1 (any ProgressionManagerData section),
1310175,GridLeak - The View 006,GridLeak,The View,,True,TheViewGridLeaks_TheViewCompulsionOrb127A13A4-4DF2-453B-8B2A-32DE5D2EB939,0xDA69C656,record present with value >= 1 (any ProgressionManagerData section),
1310176,GridLeak - The View 007,GridLeak,The View,,True,TheViewGridLeaks_TheViewCompulsionOrb1998CD84-30BB-483F-9D23-0B84D163C7BE,0x39CF66C7,record present with value >= 1 (any ProgressionManagerData section),
1310177,GridLeak - The View 008,GridLeak,The View,,True,TheViewGridLeaks_TheViewCompulsionOrb1A64D693-106B-4FDC-92D1-ED5306A2FFB3,0x53270349,record present with value >= 1 (any ProgressionManagerData section),
1310178,GridLeak - The View 009,GridLeak,The View,,True,TheViewGridLeaks_TheViewCompulsionOrb2075176B-2D61-4F53-A10B-2DE2D9678E34,0xBDA78AAC,record present with value >= 1 (any ProgressionManagerData section),
1310179,GridLeak - The View 010,GridLeak,The View,,True,TheViewGridLeaks_TheViewCompulsionOrb21041F3B-65DC-4F3C-BC08-326E73F3A509,0x9591652E,record present with value >= 1 (any ProgressionManagerData section),
1310180,GridLeak - The View 011,GridLeak,The View,,True,TheViewGridLeaks_TheViewCompulsionOrb2A1BC1B9-98EF-4D0A-B0AE-6C420899C128,0xA9D952E1,record present with value >= 1 (any ProgressionManagerData section),
1310181,GridLeak - The View 012,GridLeak,The View,,True,TheViewGridLeaks_TheViewCompulsionOrb2A5D0CF2-6AFF-494C-9DE0-4B26125F0821,0xEDDD27B7,record present with value >= 1 (any ProgressionManagerData section),
1310182,GridLeak - The View 013,GridLeak,The View,,True,TheViewGridLeaks_TheViewCompulsionOrb2E87779F-23C8-4E9F-BDBB-33461814707D,0x7D27E911,record present with value >= 1 (any ProgressionManagerData section),
1310183,GridLeak - The View 014,GridLeak,The View,,True,TheViewGridLeaks_TheViewCompulsionOrb335C766D-0EE0-4937-86AC-A56E30CC9F74,0xB3894EA6,record present with value >= 1 (any ProgressionManagerData section),
1310184,GridLeak - The View 015,GridLeak,The View,,True,TheViewGridLeaks_TheViewCompulsionOrb37056A35-F4A8-4245-982A-FC0D8BCB65EC,0xACA316DF,record present with value >= 1 (any ProgressionManagerData section),
1310185,GridLeak - The View 016,GridLeak,The View,,True,TheViewGridLeaks_TheViewCompulsionOrb378755DC-8FFC-4B91-A36E-A75B140CBDE3,0xDD85F731,record present with value >= 1 (any ProgressionManagerData section),
1310186,GridLeak - The View 017,GridLeak,The View,,True,TheViewGridLeaks_TheViewCompulsionOrb42931D7C-82B5-4CD2-8418-72B8DE4DD136,0x27C8F874,record present with value >= 1 (any ProgressionManagerData section),
1310187,GridLeak - The View 018,GridLeak,The View,,True,TheViewGridLeaks_TheViewCompulsionOrb473B2F1C-E554-41FC-A572-BFEEA0DA3A6F,0x80626D18,record present with value >= 1 (any ProgressionManagerData section),
1310188,GridLeak - The View 019,GridLeak,The View,,True,TheViewGridLeaks_TheViewCompulsionOrb49C01F2C-14F7-40A3-A310-4C5D388D75C2,0x0614B5D5,record present with value >= 1 (any ProgressionManagerData section),
1310189,GridLeak - The View 020,GridLeak,The View,,True,TheViewGridLeaks_TheViewCompulsionOrb49F71C6C-00A5-4700-B2F0-BEFA95696A5D,0xFA1B2E31,record present with value >= 1 (any ProgressionManagerData section),
1310190,GridLeak - The View 021,GridLeak,The View,,True,TheViewGridLeaks_TheViewCompulsionOrb4CF28932-930E-44B9-AE43-3EE6F98040AB,0x1A9C3C0F,record present with value >= 1 (any ProgressionManagerData section),
1310191,GridLeak - The View 022,GridLeak,The View,,True,TheViewGridLeaks_TheViewCompulsionOrb4D1E6811-329B-4BE4-9C6D-5F95C3496E14,0x6F898735,record present with value >= 1 (any ProgressionManagerData section),
1310192,GridLeak - The View 023,GridLeak,The View,,True,TheViewGridLeaks_TheViewCompulsionOrb4FA2A9D5-27D5-4D98-9573-69BF70C7B0F0,0xA5BAB367,record present with value >= 1 (any ProgressionManagerData section),
1310193,GridLeak - The View 024,GridLeak,The View,,True,TheViewGridLeaks_TheViewCompulsionOrb533D6AF5-693F-4CB4-B59F-79F6B163DC46,0x48BE5E15,record present with value >= 1 (any ProgressionManagerData section),
1310194,GridLeak - The View 025,GridLeak,The View,,True,TheViewGridLeaks_TheViewCompulsionOrb5BA67DF0-ABBC-4F61-9684-1BD31CC2F2A3,0x6CD646CE,record present with value >= 1 (any ProgressionManagerData section),
1310195,GridLeak - The View 026,GridLeak,The View,,True,TheViewGridLeaks_TheViewCompulsionOrb5F183CA7-CED1-418C-9256-585A4F9036ED,0x83F317E1,record present with value >= 1 (any ProgressionManagerData section),
1310196,GridLeak - The View 027,GridLeak,The View,,True,TheViewGridLeaks_TheViewCompulsionOrb66109703-C190-4A45-8AB2-DEE5BF6EBE72,0x23734CB0,record present with value >= 1 (any ProgressionManagerData section),
1310197,GridLeak - The View 028,GridLeak,The View,,True,TheViewGridLeaks_TheViewCompulsionOrb6954C0A6-9D3F-4537-9886-77CCE407C285,0x0DE0797C,record present with value >= 1 (any ProgressionManagerData section),
1310198,GridLeak - The View 029,GridLeak,The View,,True,TheViewGridLeaks_TheViewCompulsionOrb6AB3CEEE-8C7D-4936-9054-BD6A93A47AF2,0xA2BF591A,record present with value >= 1 (any ProgressionManagerData section),
1310199,GridLeak - The View 030,GridLeak,The View,,True,TheViewGridLeaks_TheViewCompulsionOrb6D3FCCDA-0F0E-48DB-8996-DE931F61216E,0x4D2B9930,record present with value >= 1 (any ProgressionManagerData section),
1310200,GridLeak - The View 031,GridLeak,The View,,True,TheViewGridLeaks_TheViewCompulsionOrb762BC913-BFC1-40B1-8F6A-1C91264F1633,0x1C937114,record present with value >= 1 (any ProgressionManagerData section),
1310201,GridLeak - The View 032,GridLeak,The View,,True,TheViewGridLeaks_TheViewCompulsionOrb77597F76-60A0-4DA6-A86B-365B641F9C9F,0xEF4CD0BD,record present with value >= 1 (any ProgressionManagerData section),
1310202,GridLeak - The View 033,GridLeak,The View,,True,TheViewGridLeaks_TheViewCompulsionOrb7A1B6608-520A-4DFB-B50A-C760C82AF3BA,0xAAE9B55B,record present with value >= 1 (any ProgressionManagerData section),
1310203,GridLeak - The View 034,GridLeak,The View,,True,TheViewGridLeaks_TheViewCompulsionOrb7A2CD70B-92FF-4E0C-892E-7001DAF2B723,0xF8B716C4,record present with value >= 1 (any ProgressionManagerData section),
1310204,GridLeak - The View 035,GridLeak,The View,,True,TheViewGridLeaks_TheViewCompulsionOrb7C1A398E-C31D-467E-B9AE-532FAA0DF11B,0x6C2351C5,record present with value >= 1 (any ProgressionManagerData section),
1310205,GridLeak - The View 036,GridLeak,The View,,True,TheViewGridLeaks_TheViewCompulsionOrb7C1B4CCC-C88D-4558-B801-AAFE42AE15BE,0x83833F7C,record present with value >= 1 (any ProgressionManagerData section),
1310206,GridLeak - The View 037,GridLeak,The View,,True,TheViewGridLeaks_TheViewCompulsionOrb7D7318E4-28EE-4019-A5FA-93588A0BCFEF,0x4F3C4D0E,record present with value >= 1 (any ProgressionManagerData section),
1310207,GridLeak - The View 038,GridLeak,The View,,True,TheViewGridLeaks_TheViewCompulsionOrb8403FC65-CAEA-490B-BAF8-8637A42F3FBB,0x6D86584D,record present with value >= 1 (any ProgressionManagerData section),
1310208,GridLeak - The View 039,GridLeak,The View,,True,TheViewGridLeaks_TheViewCompulsionOrb84839C8B-7365-4BBA-8FA7-B8899ACAA771,0x8B5D91F2,record present with value >= 1 (any ProgressionManagerData section),
1310209,GridLeak - The View 040,GridLeak,The View,,True,TheViewGridLeaks_TheViewCompulsionOrb89CFAB8D-29B5-4738-BC05-8114F277D99C,0xD757A04A,record present with value >= 1 (any ProgressionManagerData section),
1310210,GridLeak - The View 041,GridLeak,The View,,True,TheViewGridLeaks_TheViewCompulsionOrb8C4FAC95-0803-4576-985A-E6C6991B4D12,0x53063501,record present with value >= 1 (any ProgressionManagerData section),
1310211,GridLeak - The View 042,GridLeak,The View,,True,TheViewGridLeaks_TheViewCompulsionOrb8D31FD36-D048-497E-8A49-B1140150B584,0xE74F9D9D,record present with value >= 1 (any ProgressionManagerData section),
1310212,GridLeak - The View 043,GridLeak,The View,,True,TheViewGridLeaks_TheViewCompulsionOrb974361DE-CA2B-48D0-B36C-E2310332BD45,0x20042CEF,record present with value >= 1 (any ProgressionManagerData section),
1310213,GridLeak - The View 044,GridLeak,The View,,True,TheViewGridLeaks_TheViewCompulsionOrb983622B9-3F5B-44B2-A830-A2C212FA785F,0xEA7EF093,record present with value >= 1 (any ProgressionManagerData section),
1310214,GridLeak - The View 045,GridLeak,The View,,True,TheViewGridLeaks_TheViewCompulsionOrb9D9669F7-738C-4AAB-A80B-FCFFAA141C18,0x1AB92D6B,record present with value >= 1 (any ProgressionManagerData section),
1310215,GridLeak - The View 046,GridLeak,The View,,True,TheViewGridLeaks_TheViewCompulsionOrb9E8565C1-C0A5-4DC7-9F26-74555CE63DE0,0xC2C3C102,record present with value >= 1 (any ProgressionManagerData section),
1310216,GridLeak - The View 047,GridLeak,The View,,True,TheViewGridLeaks_TheViewCompulsionOrbA12A9F88-5E7C-4894-ACF2-36A9319A5FE0,0x2B7CB5B0,record present with value >= 1 (any ProgressionManagerData section),
1310217,GridLeak - The View 048,GridLeak,The View,,True,TheViewGridLeaks_TheViewCompulsionOrbA319D254-DD36-46B7-AD83-CACFEAF3E99F,0xA45DD85A,record present with value >= 1 (any ProgressionManagerData section),
1310218,GridLeak - The View 049,GridLeak,The View,,True,TheViewGridLeaks_TheViewCompulsionOrbA60E4F1E-8BBC-48B2-83A4-581A6CD452FD,0x9EE4731E,record present with value >= 1 (any ProgressionManagerData section),
1310219,GridLeak - The View 050,GridLeak,The View,,True,TheViewGridLeaks_TheViewCompulsionOrbA676E98A-777B-4DE0-9B8A-6A24BDC5DE29,0x67E93114,record present with value >= 1 (any ProgressionManagerData section),
1310220,GridLeak - The View 051,GridLeak,The View,,True,TheViewGridLeaks_TheViewCompulsionOrbA98DB7C1-2541-42D5-A75C-7B327906E4D8,0x62853639,record present with value >= 1 (any ProgressionManagerData section),
1310221,GridLeak - The View 052,GridLeak,The View,,True,TheViewGridLeaks_TheViewCompulsionOrbAA6292A7-0832-45CF-8B01-51F0209F97B7,0xD90AACC5,record present with value >= 1 (any ProgressionManagerData section),
1310222,GridLeak - The View 053,GridLeak,The View,,True,TheViewGridLeaks_TheViewCompulsionOrbABD661EA-8DF5-436F-BCA0-4E0053FDA6F5,0x66B12C75,record present with value >= 1 (any ProgressionManagerData section),
1310223,GridLeak - The View 054,GridLeak,The View,,True,TheViewGridLeaks_TheViewCompulsionOrbAE6D9D1B-6D4A-4A69-859B-9B33C98EFB7B,0x00575D20,record present with value >= 1 (any ProgressionManagerData section),
1310224,GridLeak - The View 055,GridLeak,The View,,True,TheViewGridLeaks_TheViewCompulsionOrbAF5ABCF2-B35C-4EFD-BEA3-4493A921A360,0xAEB6651C,record present with value >= 1 (any ProgressionManagerData section),
1310225,GridLeak - The View 056,GridLeak,The View,,True,TheViewGridLeaks_TheViewCompulsionOrbB2DCB354-A773-4D50-BAAF-DC2F23798834,0xA4859961,record present with value >= 1 (any ProgressionManagerData section),
1310226,GridLeak - The View 057,GridLeak,The View,,True,TheViewGridLeaks_TheViewCompulsionOrbB5C18981-B550-437F-A3D5-55489EC5C7E4,0xBC91ECB7,record present with value >= 1 (any ProgressionManagerData section),
1310227,GridLeak - The View 058,GridLeak,The View,,True,TheViewGridLeaks_TheViewCompulsionOrbB8F82704-BAFE-4391-94A3-DDE5D2E8373B,0xC42DED05,record present with value >= 1 (any ProgressionManagerData section),
1310228,GridLeak - The View 059,GridLeak,The View,,True,TheViewGridLeaks_TheViewCompulsionOrbC331A6D6-9C06-497F-AE72-6AA86A04E656,0x72FD6225,record present with value >= 1 (any ProgressionManagerData section),
1310229,GridLeak - The View 060,GridLeak,The View,,True,TheViewGridLeaks_TheViewCompulsionOrbC4BA8E79-65B6-4EC2-BA20-1A27D7320749,0x8A58F622,record present with value >= 1 (any ProgressionManagerData section),
1310230,GridLeak - The View 061,GridLeak,The View,,True,TheViewGridLeaks_TheViewCompulsionOrbC5F99637-655C-417A-B25C-F14AECC8D9EC,0xFB02AA78,record present with value >= 1 (any ProgressionManagerData section),
1310231,GridLeak - The View 062,GridLeak,The View,,True,TheViewGridLeaks_TheViewCompulsionOrbCD103F57-2795-4B6C-8820-2C005C371077,0x5A1560C5,record present with value >= 1 (any ProgressionManagerData section),
1310232,GridLeak - The View 063,GridLeak,The View,,True,TheViewGridLeaks_TheViewCompulsionOrbCE0EDADB-E277-4FDD-A227-FCA0CE13A912,0x55DED0B6,record present with value >= 1 (any ProgressionManagerData section),
1310233,GridLeak - The View 064,GridLeak,The View,,True,TheViewGridLeaks_TheViewCompulsionOrbCE340665-FAB8-4C43-B627-628A144E5567,0x53CE21CE,record present with value >= 1 (any ProgressionManagerData section),
1310234,GridLeak - The View 065,GridLeak,The View,,True,TheViewGridLeaks_TheViewCompulsionOrbD0E15D36-8F75-42A9-8176-4E6DDBCA17B9,0xCBB5743A,record present with value >= 1 (any ProgressionManagerData section),
1310235,GridLeak - The View 066,GridLeak,The View,,True,TheViewGridLeaks_TheViewCompulsionOrbD731D89F-AF4D-463B-87F2-DAC1EFD3E2D2,0xE5360B51,record present with value >= 1 (any ProgressionManagerData section),
1310236,GridLeak - The View 067,GridLeak,The View,,True,TheViewGridLeaks_TheViewCompulsionOrbD806FDBD-1D68-4BD7-8C6E-5FEA2E619BA0,0x379EEFBB,record present with value >= 1 (any ProgressionManagerData section),
1310237,GridLeak - The View 068,GridLeak,The View,,True,TheViewGridLeaks_TheViewCompulsionOrbDB1A71D2-1637-422E-8CE6-F6825F30AD1D,0xD3869878,record present with value >= 1 (any ProgressionManagerData section),
1310238,GridLeak - The View 069,GridLeak,The View,,True,TheViewGridLeaks_TheViewCompulsionOrbDB2C031A-163A-4F2F-AE13-835F25A347D7,0x736B7F32,record present with value >= 1 (any ProgressionManagerData section),
1310239,GridLeak - The View 070,GridLeak,The View,,True,TheViewGridLeaks_TheViewCompulsionOrbDE59C52A-BED1-4823-8254-B635476A8589,0x177543E8,record present with value >= 1 (any ProgressionManagerData section),
1310240,GridLeak - The View 071,GridLeak,The View,,True,TheViewGridLeaks_TheViewCompulsionOrbE1189B1A-D55D-4926-8B4B-50D85EDCA8B6,0x21A1678E,record present with value >= 1 (any ProgressionManagerData section),
1310241,GridLeak - The View 072,GridLeak,The View,,True,TheViewGridLeaks_TheViewCompulsionOrbE5940ECF-D157-4C84-B17C-B836B7AB8919,0x77629EB8,record present with value >= 1 (any ProgressionManagerData section),
1310242,GridLeak - The View 073,GridLeak,The View,,True,TheViewGridLeaks_TheViewCompulsionOrbEB85D729-23E9-464A-BB4B-A91BA635005B,0xEA3C0A3D,record present with value >= 1 (any ProgressionManagerData section),
1310243,GridLeak - The View 074,GridLeak,The View,,True,TheViewGridLeaks_TheViewCompulsionOrbEC2007C6-7FA2-45ED-80A5-20826EA5CAED,0xF6B2B01A,record present with value >= 1 (any ProgressionManagerData section),
1310244,GridLeak - The View 075,GridLeak,The View,,True,TheViewGridLeaks_TheViewCompulsionOrbEC9B5F1D-71FA-4D8E-B768-98FA6523ED6A,0xC5769420,record present with value >= 1 (any ProgressionManagerData section),
1310245,GridLeak - The View 076,GridLeak,The View,,True,TheViewGridLeaks_TheViewCompulsionOrbEF9782D8-93FC-469F-B800-3D0902E4C34D,0x2FB40700,record present with value >= 1 (any ProgressionManagerData section),
1310246,GridLeak - The View 077,GridLeak,The View,,True,TheViewGridLeaks_TheViewCompulsionOrbF8C416A5-B914-4DCD-8944-86AE3664A311,0x5C7EA4F3,record present with value >= 1 (any ProgressionManagerData section),
1310247,GridLeak - The View 078,GridLeak,The View,,True,TheViewGridLeaks_TheViewCompulsionOrbFE8AD78F-F422-4EB0-8869-D89374A7BAD2,0x822D6BC1,record present with value >= 1 (any ProgressionManagerData section),
1310248,GridLeak - The View 079,GridLeak,The View,,True,TheViewGridLeaks_TheViewCompulsionOrbFF19F3BD-6F6D-428A-B32E-5D9580C9777D,0xEA34CE82,record present with value >= 1 (any ProgressionManagerData section),
1310249,GridLeak - The View 080,GridLeak,The View,,True,TheViewGridLeaks_TheViewCompulsionOrbFF23D3E1-3120-482B-870D-147254E27BB8,0x04E403C2,record present with value >= 1 (any ProgressionManagerData section),
1310250,GridLeak - Rezoning 001,GridLeak,Rezoning,,True,ConstructionGridLeaks_ConstructionCompulsionOrb016099E1-D3DD-4674-8CD0-F3C5D4AC4C48,0x1B88E47E,record present with value >= 1 (any ProgressionManagerData section),
1310251,GridLeak - Rezoning 002,GridLeak,Rezoning,,True,ConstructionGridLeaks_ConstructionCompulsionOrb06AC32C3-EBBB-4FE8-8254-F462A40EDE53,0xD56AB119,record present with value >= 1 (any ProgressionManagerData section),
1310252,GridLeak - Rezoning 003,GridLeak,Rezoning,,True,ConstructionGridLeaks_ConstructionCompulsionOrb09FC82EF-2D97-40B0-AEF1-066CA56C2675,0x154FB192,record present with value >= 1 (any ProgressionManagerData section),
1310253,GridLeak - Rezoning 004,GridLeak,Rezoning,,True,ConstructionGridLeaks_ConstructionCompulsionOrb0A9F4A35-6ABB-4347-9D2A-4726C4232B23,0xE9342CFE,record present with value >= 1 (any ProgressionManagerData section),
1310254,GridLeak - Rezoning 005,GridLeak,Rezoning,,True,ConstructionGridLeaks_ConstructionCompulsionOrb0ACD9818-BFC0-4AF8-9E3A-A16B5DAEE51F,0x7A8B2864,record present with value >= 1 (any ProgressionManagerData section),
1310255,GridLeak - Rezoning 006,GridLeak,Rezoning,,True,ConstructionGridLeaks_ConstructionCompulsionOrb10A289DB-1685-4D5B-B19C-98C8D8291BEF,0xF0EFFA52,record present with value >= 1 (any ProgressionManagerData section),
1310256,GridLeak - Rezoning 007,GridLeak,Rezoning,,True,ConstructionGridLeaks_ConstructionCompulsionOrb11779C5C-7D2B-4586-9AFD-F41EB9530AA8,0x866764D7,record present with value >= 1 (any ProgressionManagerData section),
1310257,GridLeak - Rezoning 008,GridLeak,Rezoning,,True,ConstructionGridLeaks_ConstructionCompulsionOrb13CFCAE8-9356-4DF7-B3F6-C33CBC76CF5D,0xB7420B7B,record present with value >= 1 (any ProgressionManagerData section),
1310258,GridLeak - Rezoning 009,GridLeak,Rezoning,,True,ConstructionGridLeaks_ConstructionCompulsionOrb15E8B8C6-B520-44CC-8975-12123E7105FA,0xA5CD518C,record present with value >= 1 (any ProgressionManagerData section),
1310259,GridLeak - Rezoning 010,GridLeak,Rezoning,,True,ConstructionGridLeaks_ConstructionCompulsionOrb16D22C42-E93B-455C-BFE1-6F9591C15AFC,0xC02EA525,record present with value >= 1 (any ProgressionManagerData section),
1310260,GridLeak - Rezoning 011,GridLeak,Rezoning,,True,ConstructionGridLeaks_ConstructionCompulsionOrb1B1BE3B9-6263-4E09-A00D-48EB2D36DD90,0x4AEE2CFE,record present with value >= 1 (any ProgressionManagerData section),
1310261,GridLeak - Rezoning 012,GridLeak,Rezoning,,True,ConstructionGridLeaks_ConstructionCompulsionOrb1E191C3A-606F-4BCA-BE05-65BAC2386F61,0xD69F0B4F,record present with value >= 1 (any ProgressionManagerData section),
1310262,GridLeak - Rezoning 013,GridLeak,Rezoning,,True,ConstructionGridLeaks_ConstructionCompulsionOrb2400B7BA-7AD3-4240-B304-BDC2CA74B6B4,0x4068F26C,record present with value >= 1 (any ProgressionManagerData section),
1310263,GridLeak - Rezoning 014,GridLeak,Rezoning,,True,ConstructionGridLeaks_ConstructionCompulsionOrb25120AE3-088A-4870-AA6E-985F1C269FE1,0xCD40B47B,record present with value >= 1 (any ProgressionManagerData section),
1310264,GridLeak - Rezoning 015,GridLeak,Rezoning,,True,ConstructionGridLeaks_ConstructionCompulsionOrb29FD3DB0-9167-493E-A0A0-D6DF17153692,0x2345B75C,record present with value >= 1 (any ProgressionManagerData section),
1310265,GridLeak - Rezoning 016,GridLeak,Rezoning,,True,ConstructionGridLeaks_ConstructionCompulsionOrb2AFC78F0-EC97-4CAF-8E65-A1C885A26331,0xC07D4AA5,record present with value >= 1 (any ProgressionManagerData section),
1310266,GridLeak - Rezoning 017,GridLeak,Rezoning,,True,ConstructionGridLeaks_ConstructionCompulsionOrb2C4D2A14-FF1C-4CE0-8D46-054B812629AC,0xD7EC46D0,record present with value >= 1 (any ProgressionManagerData section),
1310267,GridLeak - Rezoning 018,GridLeak,Rezoning,,True,ConstructionGridLeaks_ConstructionCompulsionOrb2DB7B2BB-EFDF-43DA-BF11-931CF1BDEFD0,0xD86EA754,record present with value >= 1 (any ProgressionManagerData section),
1310268,GridLeak - Rezoning 019,GridLeak,Rezoning,,True,ConstructionGridLeaks_ConstructionCompulsionOrb2EEFB83A-0660-4F48-86C9-AD21B9C3F62B,0x54AC2745,record present with value >= 1 (any ProgressionManagerData section),
1310269,GridLeak - Rezoning 020,GridLeak,Rezoning,,True,ConstructionGridLeaks_ConstructionCompulsionOrb312190DC-7300-416D-A040-C3A3C437D23A,0x051191E2,record present with value >= 1 (any ProgressionManagerData section),
1310270,GridLeak - Rezoning 021,GridLeak,Rezoning,,True,ConstructionGridLeaks_ConstructionCompulsionOrb33201624-BEAE-4E55-85C2-FC773FEEB637,0xC6141C93,record present with value >= 1 (any ProgressionManagerData section),
1310271,GridLeak - Rezoning 022,GridLeak,Rezoning,,True,ConstructionGridLeaks_ConstructionCompulsionOrb35A99231-E28F-4218-B21C-C776FCA9F909,0xBC74C1B3,record present with value >= 1 (any ProgressionManagerData section),
1310272,GridLeak - Rezoning 023,GridLeak,Rezoning,,True,ConstructionGridLeaks_ConstructionCompulsionOrb38F7F8F5-56C6-45F5-B633-7AB9CCAB99C4,0x83DF96C0,record present with value >= 1 (any ProgressionManagerData section),
1310273,GridLeak - Rezoning 024,GridLeak,Rezoning,,True,ConstructionGridLeaks_ConstructionCompulsionOrb3F40ADBF-8509-4A26-A6D4-33600C2BCC7A,0x8B0FC08F,record present with value >= 1 (any ProgressionManagerData section),
1310274,GridLeak - Rezoning 025,GridLeak,Rezoning,,True,ConstructionGridLeaks_ConstructionCompulsionOrb3FCF7008-F156-49B0-B0BC-EA45BB4AC8B8,0xF9BBF988,record present with value >= 1 (any ProgressionManagerData section),
1310275,GridLeak - Rezoning 026,GridLeak,Rezoning,,True,ConstructionGridLeaks_ConstructionCompulsionOrb47F8E743-9255-4131-BC44-06229625D729,0x48B0C78D,record present with value >= 1 (any ProgressionManagerData section),
1310276,GridLeak - Rezoning 027,GridLeak,Rezoning,,True,ConstructionGridLeaks_ConstructionCompulsionOrb48528BD0-856E-4EA5-A789-DABB02550190,0x840B2C58,record present with value >= 1 (any ProgressionManagerData section),
1310277,GridLeak - Rezoning 028,GridLeak,Rezoning,,True,ConstructionGridLeaks_ConstructionCompulsionOrb4B7126E7-599F-43B3-9EE1-BE6374330A04,0x683BD101,record present with value >= 1 (any ProgressionManagerData section),
1310278,GridLeak - Rezoning 029,GridLeak,Rezoning,,True,ConstructionGridLeaks_ConstructionCompulsionOrb4CE412A0-737F-4276-87C4-AF618A9E6ADC,0x041FC655,record present with value >= 1 (any ProgressionManagerData section),
1310279,GridLeak - Rezoning 030,GridLeak,Rezoning,,True,ConstructionGridLeaks_ConstructionCompulsionOrb4D4365A8-4168-449C-9F56-8619B5445D56,0x7F36509D,record present with value >= 1 (any ProgressionManagerData section),
1310280,GridLeak - Rezoning 031,GridLeak,Rezoning,,True,ConstructionGridLeaks_ConstructionCompulsionOrb588716EF-1E78-4356-9A46-2BB5336EB0B9,0xDB9D4A40,record present with value >= 1 (any ProgressionManagerData section),
1310281,GridLeak - Rezoning 032,GridLeak,Rezoning,,True,ConstructionGridLeaks_ConstructionCompulsionOrb59011661-E493-41A1-9266-D505587B0A7C,0x6DD288BF,record present with value >= 1 (any ProgressionManagerData section),
1310282,GridLeak - Rezoning 033,GridLeak,Rezoning,,True,ConstructionGridLeaks_ConstructionCompulsionOrb5A2D46FF-CBDC-4278-8560-CF117C239103,0x4D59ED61,record present with value >= 1 (any ProgressionManagerData section),
1310283,GridLeak - Rezoning 034,GridLeak,Rezoning,,True,ConstructionGridLeaks_ConstructionCompulsionOrb5C4CA05F-CDAF-4079-9B86-E7BA6DA23BFC,0xBA6FFF86,record present with value >= 1 (any ProgressionManagerData section),
1310284,GridLeak - Rezoning 035,GridLeak,Rezoning,,True,ConstructionGridLeaks_ConstructionCompulsionOrb5D36FDF7-92F4-45FD-9643-B7996EBA993C,0xBFA08D5E,record present with value >= 1 (any ProgressionManagerData section),
1310285,GridLeak - Rezoning 036,GridLeak,Rezoning,,True,ConstructionGridLeaks_ConstructionCompulsionOrb5DDC18B7-5211-4DF8-A405-5DD8C5175357,0xDE45D634,record present with value >= 1 (any ProgressionManagerData section),
1310286,GridLeak - Rezoning 037,GridLeak,Rezoning,,True,ConstructionGridLeaks_ConstructionCompulsionOrb62589ECB-2260-48BD-AB3C-5958239A404E,0xF119CCB8,record present with value >= 1 (any ProgressionManagerData section),
1310287,GridLeak - Rezoning 038,GridLeak,Rezoning,,True,ConstructionGridLeaks_ConstructionCompulsionOrb66CAFB3A-C4A8-47CA-B69D-98F9B1BE3B92,0x1F395B9C,record present with value >= 1 (any ProgressionManagerData section),
1310288,GridLeak - Rezoning 039,GridLeak,Rezoning,,True,ConstructionGridLeaks_ConstructionCompulsionOrb6AE81A16-E423-4F44-A7C5-93D52732305F,0x8F740D6E,record present with value >= 1 (any ProgressionManagerData section),
1310289,GridLeak - Rezoning 040,GridLeak,Rezoning,,True,ConstructionGridLeaks_ConstructionCompulsionOrb6EEA789A-4DA6-47A9-BB2C-BB694E27AB8C,0xD9C59B10,record present with value >= 1 (any ProgressionManagerData section),
1310290,GridLeak - Rezoning 041,GridLeak,Rezoning,,True,ConstructionGridLeaks_ConstructionCompulsionOrb745835AF-7CDC-4516-B70F-424E6F51F76A,0x4E403C02,record present with value >= 1 (any ProgressionManagerData section),
1310291,GridLeak - Rezoning 042,GridLeak,Rezoning,,True,ConstructionGridLeaks_ConstructionCompulsionOrb766E7C3B-96DA-42A7-B460-5DCF37061424,0xDC179036,record present with value >= 1 (any ProgressionManagerData section),
1310292,GridLeak - Rezoning 043,GridLeak,Rezoning,,True,ConstructionGridLeaks_ConstructionCompulsionOrb7E61B9B6-71A7-42EB-AD05-99DDD8E51435,0x1582EA7A,record present with value >= 1 (any ProgressionManagerData section),
1310293,GridLeak - Rezoning 044,GridLeak,Rezoning,,True,ConstructionGridLeaks_ConstructionCompulsionOrb804D5532-2867-4ED8-85C9-EAB40C6FC9D1,0x41F13188,record present with value >= 1 (any ProgressionManagerData section),
1310294,GridLeak - Rezoning 045,GridLeak,Rezoning,,True,ConstructionGridLeaks_ConstructionCompulsionOrb83E0BC01-24AE-4924-89D3-B622E37E0159,0x9B831902,record present with value >= 1 (any ProgressionManagerData section),
1310295,GridLeak - Rezoning 046,GridLeak,Rezoning,,True,ConstructionGridLeaks_ConstructionCompulsionOrb842800AF-4A82-4B1B-8405-07F9A2CCA250,0xD3CBC951,record present with value >= 1 (any ProgressionManagerData section),
1310296,GridLeak - Rezoning 047,GridLeak,Rezoning,,True,ConstructionGridLeaks_ConstructionCompulsionOrb860F1DD2-248D-4C1E-BBDB-5BEC11836138,0x18567DAC,record present with value >= 1 (any ProgressionManagerData section),
1310297,GridLeak - Rezoning 048,GridLeak,Rezoning,,True,ConstructionGridLeaks_ConstructionCompulsionOrb9630A781-C79A-4F0E-9C32-F101907B31FE,0x116BA876,record present with value >= 1 (any ProgressionManagerData section),
1310298,GridLeak - Rezoning 049,GridLeak,Rezoning,,True,ConstructionGridLeaks_ConstructionCompulsionOrb96897797-A4C7-4247-A45D-E59DBFF56E3D,0xDE146A40,record present with value >= 1 (any ProgressionManagerData section),
1310299,GridLeak - Rezoning 050,GridLeak,Rezoning,,True,ConstructionGridLeaks_ConstructionCompulsionOrb9C1A4448-7545-4464-A663-6B40322AE337,0xAEB57FDB,record present with value >= 1 (any ProgressionManagerData section),
1310300,GridLeak - Rezoning 051,GridLeak,Rezoning,,True,ConstructionGridLeaks_ConstructionCompulsionOrb9F82F91C-6BA5-45A7-A7F9-BC02C01E332D,0xA769C04A,record present with value >= 1 (any ProgressionManagerData section),
1310301,GridLeak - Rezoning 052,GridLeak,Rezoning,,True,ConstructionGridLeaks_ConstructionCompulsionOrbA2C4DDCA-B167-4DF7-9B22-A451517895CE,0x27C86600,record present with value >= 1 (any ProgressionManagerData section),
1310302,GridLeak - Rezoning 053,GridLeak,Rezoning,,True,ConstructionGridLeaks_ConstructionCompulsionOrbA5004650-FB3D-4AAE-B069-E39C4B0BBF71,0x64B08078,record present with value >= 1 (any ProgressionManagerData section),
1310303,GridLeak - Rezoning 054,GridLeak,Rezoning,,True,ConstructionGridLeaks_ConstructionCompulsionOrbA805627E-722C-49F9-9745-BC8341AA6BAB,0x039E4145,record present with value >= 1 (any ProgressionManagerData section),
1310304,GridLeak - Rezoning 055,GridLeak,Rezoning,,True,ConstructionGridLeaks_ConstructionCompulsionOrbAC7C5624-3251-43E4-BF64-BB6A9D99044C,0x49887A81,record present with value >= 1 (any ProgressionManagerData section),
1310305,GridLeak - Rezoning 056,GridLeak,Rezoning,,True,ConstructionGridLeaks_ConstructionCompulsionOrbB1464D11-08B0-48C3-8923-E000B87CCCE8,0xA2AFD51F,record present with value >= 1 (any ProgressionManagerData section),
1310306,GridLeak - Rezoning 057,GridLeak,Rezoning,,True,ConstructionGridLeaks_ConstructionCompulsionOrbB408D475-2B59-46EC-BFB7-0303AD615DA0,0x881395B9,record present with value >= 1 (any ProgressionManagerData section),
1310307,GridLeak - Rezoning 058,GridLeak,Rezoning,,True,ConstructionGridLeaks_ConstructionCompulsionOrbB7AEF732-0D86-48C8-BAB3-573D9714FB43,0x2458B87D,record present with value >= 1 (any ProgressionManagerData section),
1310308,GridLeak - Rezoning 059,GridLeak,Rezoning,,True,ConstructionGridLeaks_ConstructionCompulsionOrbBF83131D-80E7-46C5-9396-64A3CAE8277A,0x525EA9F1,record present with value >= 1 (any ProgressionManagerData section),
1310309,GridLeak - Rezoning 060,GridLeak,Rezoning,,True,ConstructionGridLeaks_ConstructionCompulsionOrbC608B624-880C-4792-B97D-FCF532721C62,0x7C048206,record present with value >= 1 (any ProgressionManagerData section),
1310310,GridLeak - Rezoning 061,GridLeak,Rezoning,,True,ConstructionGridLeaks_ConstructionCompulsionOrbCCDF0F94-03C0-4605-9307-DB659592313B,0xC227534C,record present with value >= 1 (any ProgressionManagerData section),
1310311,GridLeak - Rezoning 062,GridLeak,Rezoning,,True,ConstructionGridLeaks_ConstructionCompulsionOrbCECDE77D-5DDF-4344-95AD-935DA69D6554,0x4723BB90,record present with value >= 1 (any ProgressionManagerData section),
1310312,GridLeak - Rezoning 063,GridLeak,Rezoning,,True,ConstructionGridLeaks_ConstructionCompulsionOrbD0F721CF-EB23-4C4D-A7FF-7D3DCDD28907,0xAFEC0BD9,record present with value >= 1 (any ProgressionManagerData section),
1310313,GridLeak - Rezoning 064,GridLeak,Rezoning,,True,ConstructionGridLeaks_ConstructionCompulsionOrbD52C1B20-17CC-4F6C-91E4-2A7AE7263266,0x8B77D585,record present with value >= 1 (any ProgressionManagerData section),
1310314,GridLeak - Rezoning 065,GridLeak,Rezoning,,True,ConstructionGridLeaks_ConstructionCompulsionOrbE37F0876-5343-4B43-84A7-E7816E5AC110,0xFC5706D5,record present with value >= 1 (any ProgressionManagerData section),
1310315,GridLeak - Rezoning 066,GridLeak,Rezoning,,True,ConstructionGridLeaks_ConstructionCompulsionOrbE78EF6FC-E398-444F-B26B-07186D5AE294,0xC598FD97,record present with value >= 1 (any ProgressionManagerData section),
1310316,GridLeak - Rezoning 067,GridLeak,Rezoning,,True,ConstructionGridLeaks_ConstructionCompulsionOrbE793C315-7764-4117-986E-CBFC89C30BD9,0xE450DA3B,record present with value >= 1 (any ProgressionManagerData section),
1310317,GridLeak - Rezoning 068,GridLeak,Rezoning,,True,ConstructionGridLeaks_ConstructionCompulsionOrbE8E04E19-0690-4A03-9806-DE5D3A39E307,0xAA6D1188,record present with value >= 1 (any ProgressionManagerData section),
1310318,GridLeak - Rezoning 069,GridLeak,Rezoning,,True,ConstructionGridLeaks_ConstructionCompulsionOrbE91649C2-A3D5-4786-A390-EA664E5461C4,0xF45CE6C8,record present with value >= 1 (any ProgressionManagerData section),
1310319,GridLeak - Rezoning 070,GridLeak,Rezoning,,True,ConstructionGridLeaks_ConstructionCompulsionOrbEF438CF7-7692-49C8-854A-DC609C786D49,0xECD6FA9F,record present with value >= 1 (any ProgressionManagerData section),
1310320,GridLeak - Rezoning 071,GridLeak,Rezoning,,True,ConstructionGridLeaks_ConstructionCompulsionOrbF7268ACB-57AD-42CE-911B-5F4505F0BD97,0x8D901D66,record present with value >= 1 (any ProgressionManagerData section),
1310321,GridLeak - Rezoning 072,GridLeak,Rezoning,,True,ConstructionGridLeaks_ConstructionCompulsionOrbFA070614-87B3-48F2-8D5A-27A1477D97ED,0x82FA1419,record present with value >= 1 (any ProgressionManagerData section),
1310322,GridLeak - Rezoning 073,GridLeak,Rezoning,,True,ConstructionGridLeaks_ConstructionCompulsionOrbFA45392A-8781-482E-8089-D03C407C4DC9,0x1E6CA1CB,record present with value >= 1 (any ProgressionManagerData section),
1310323,GridLeak - Rezoning 074,GridLeak,Rezoning,,True,ConstructionGridLeaks_ConstructionCompulsionOrbFD8CDFD9-185B-4EF8-9A2C-C11DE4454628,0xC6BBB17F,record present with value >= 1 (any ProgressionManagerData section),
1311000,Electronic Part - Rdz Development Zone Chip 01,Electronic Part,Rezoning,Rdz Development Zone,True,ElectronicPartsRzRdz_Chip01Taken,0xD9A1C5DE,record present with value >= 1 (any ProgressionManagerData section),
1311001,Electronic Part - Rdz Development Zone Chip 02,Electronic Part,Rezoning,Rdz Development Zone,True,ElectronicPartsRzRdz_Chip02Taken,0xD2E88DFD,record present with value >= 1 (any ProgressionManagerData section),
1311002,Electronic Part - Rdz Development Zone Chip 03,Electronic Part,Rezoning,Rdz Development Zone,True,ElectronicPartsRzRdz_Chip03Taken,0xDE05E61C,record present with value >= 1 (any ProgressionManagerData section),
1311003,Electronic Part - Rdz Development Zone Chip 04,Electronic Part,Rezoning,Rdz Development Zone,True,ElectronicPartsRzRdz_Chip04Taken,0xE9650E3B,record present with value >= 1 (any ProgressionManagerData section),
1311004,Electronic Part - Rdz Development Zone Chip 05,Electronic Part,Rezoning,Rdz Development Zone,True,ElectronicPartsRzRdz_Chip05Taken,0xE265A55A,record present with value >= 1 (any ProgressionManagerData section),
1311005,Electronic Part - Rdz Development Zone Chip 06,Electronic Part,Rezoning,Rdz Development Zone,True,ElectronicPartsRzRdz_Chip06Taken,0xDBAC6D79,record present with value >= 1 (any ProgressionManagerData section),
1311006,Electronic Part - Rdz Development Zone Chip 07,Electronic Part,Rezoning,Rdz Development Zone,True,ElectronicPartsRzRdz_Chip07Taken,0xE6C9C598,record present with value >= 1 (any ProgressionManagerData section),
1311007,Electronic Part - Rdz Development Zone Chip 15,Electronic Part,Rezoning,Rdz Development Zone,True,ElectronicPartsRzRdz_Chip15Taken,0x9EE20A1B,record present with value >= 1 (any ProgressionManagerData section),
1311008,Electronic Part - Rdz Development Zone Chip 16,Electronic Part,Rezoning,Rdz Development Zone,True,ElectronicPartsRzRdz_Chip16Taken,0x933A81F8,record present with value >= 1 (any ProgressionManagerData section),
1311009,Electronic Part - Rdz Development Zone Chip 17,Electronic Part,Rezoning,Rdz Development Zone,True,ElectronicPartsRzRdz_Chip17Taken,0x912DAA59,record present with value >= 1 (any ProgressionManagerData section),
1311010,Electronic Part - Rdz Development Zone Chip 18,Electronic Part,Rezoning,Rdz Development Zone,True,ElectronicPartsRzRdz_Chip18Taken,0x85820136,record present with value >= 1 (any ProgressionManagerData section),
1311011,Electronic Part - Rdz Development Zone Chip 19,Electronic Part,Rezoning,Rdz Development Zone,True,ElectronicPartsRzRdz_Chip19Taken,0x83752997,record present with value >= 1 (any ProgressionManagerData section),
1311012,Electronic Part - Rdz Development Zone Chip 20,Electronic Part,Rezoning,Rdz Development Zone,True,ElectronicPartsRzRdz_Chip20Taken,0x4666A63D,record present with value >= 1 (any ProgressionManagerData section),
1311013,Electronic Part - Rdz Development Zone Chip 21,Electronic Part,Rezoning,Rdz Development Zone,True,ElectronicPartsRzRdz_Chip21Taken,0x3FF39E5C,record present with value >= 1 (any ProgressionManagerData section),
1311014,Electronic Part - Rdz Development Zone Chip 24,Electronic Part,Rezoning,Rdz Development Zone,True,ElectronicPartsRzRdz_Chip24Taken,0x4F2A85B9,record present with value >= 1 (any ProgressionManagerData section),
1311015,Electronic Part - Rdz Development Zone Chip 25,Electronic Part,Rezoning,Rdz Development Zone,True,ElectronicPartsRzRdz_Chip25Taken,0x48B77DD8,record present with value >= 1 (any ProgressionManagerData section),
1311016,Electronic Part - Omnistat Tunnels Chip 08,Electronic Part,Rezoning,Omnistat Tunnels,True,ElectronicPartsRzOt_Chip08Taken,0x51B2D700,record present with value >= 1 (any ProgressionManagerData section),
1311017,Electronic Part - Omnistat Tunnels Chip 09,Electronic Part,Rezoning,Omnistat Tunnels,True,ElectronicPartsRzOt_Chip09Taken,0x46957EE1,record present with value >= 1 (any ProgressionManagerData section),
1311018,Electronic Part - Omnistat Tunnels Chip 10,Electronic Part,Rezoning,Omnistat Tunnels,True,ElectronicPartsRzOt_Chip10Taken,0x82397309,record present with value >= 1 (any ProgressionManagerData section),
1311019,Electronic Part - Omnistat Tunnels Chip 11,Electronic Part,Rezoning,Omnistat Tunnels,True,ElectronicPartsRzOt_Chip11Taken,0x84D2ABA8,record present with value >= 1 (any ProgressionManagerData section),
1311020,Electronic Part - Omnistat Tunnels Chip 12,Electronic Part,Rezoning,Omnistat Tunnels,True,ElectronicPartsRzOt_Chip12Taken,0x7DD993CB,record present with value >= 1 (any ProgressionManagerData section),
1311021,Electronic Part - Omnistat Tunnels Chip 13,Electronic Part,Rezoning,Omnistat Tunnels,True,ElectronicPartsRzOt_Chip13Taken,0x8072CC6A,record present with value >= 1 (any ProgressionManagerData section),
1311022,Electronic Part - Omnistat Tunnels Chip 14,Electronic Part,Rezoning,Omnistat Tunnels,True,ElectronicPartsRzOt_Chip14Taken,0x7975938D,record present with value >= 1 (any ProgressionManagerData section),
1311023,Electronic Part - Omnistat Tunnels Chip 22,Electronic Part,Rezoning,Omnistat Tunnels,True,ElectronicPartsRzOt_Chip22Taken,0xF0DDE0C8,record present with value >= 1 (any ProgressionManagerData section),
1311024,Electronic Part - Omnistat Tunnels Chip 23,Electronic Part,Rezoning,Omnistat Tunnels,True,ElectronicPartsRzOt_Chip23Taken,0xF750E8A9,record present with value >= 1 (any ProgressionManagerData section),
1311025,Electronic Part - Omnistat Tunnels Chip 26,Electronic Part,Rezoning,Omnistat Tunnels,True,ElectronicPartsRzOt_Chip26Taken,0xE81A014C,record present with value >= 1 (any ProgressionManagerData section),
1311026,Electronic Part - Omnistat Tunnels Chip 27,Electronic Part,Rezoning,Omnistat Tunnels,True,ElectronicPartsRzOt_Chip27Taken,0xEE8D092D,record present with value >= 1 (any ProgressionManagerData section),
1311027,Electronic Part - Omnistat Tunnels Chip 28,Electronic Part,Rezoning,Omnistat Tunnels,True,ElectronicPartsRzOt_Chip28Taken,0xEBED8082,record present with value >= 1 (any ProgressionManagerData section),
1311028,Electronic Part - Omnistat Tunnels Chip 29,Electronic Part,Rezoning,Omnistat Tunnels,True,ElectronicPartsRzOt_Chip29Taken,0xE043C763,record present with value >= 1 (any ProgressionManagerData section),
1311029,Electronic Part - Omnistat Tunnels Chip 30,Electronic Part,Rezoning,Omnistat Tunnels,True,ElectronicPartsRzOt_Chip30Taken,0x1C741C8B,record present with value >= 1 (any ProgressionManagerData section),
1311030,Electronic Part - Triumvirate Drive Chip 100,Electronic Part,Downtown,Triumvirate Drive,True,ElectronicPartsDtTd_Chip100Taken,0x719C0CEA,record present with value >= 1 (any ProgressionManagerData section),
1311031,Electronic Part - Triumvirate Drive Chip 42,Electronic Part,Downtown,Triumvirate Drive,True,ElectronicPartsDtTd_Chip42Taken,0x76495C7D,record present with value >= 1 (any ProgressionManagerData section),
1311032,Electronic Part - Triumvirate Drive Chip 43,Electronic Part,Downtown,Triumvirate Drive,True,ElectronicPartsDtTd_Chip43Taken,0x8166B49C,record present with value >= 1 (any ProgressionManagerData section),
1311033,Electronic Part - Triumvirate Drive Chip 44,Electronic Part,Downtown,Triumvirate Drive,True,ElectronicPartsDtTd_Chip44Taken,0x8CC5DCBB,record present with value >= 1 (any ProgressionManagerData section),
1311034,Electronic Part - Triumvirate Drive Chip 45,Electronic Part,Downtown,Triumvirate Drive,True,ElectronicPartsDtTd_Chip45Taken,0x85C673DA,record present with value >= 1 (any ProgressionManagerData section),
1311035,Electronic Part - Triumvirate Drive Chip 46,Electronic Part,Downtown,Triumvirate Drive,True,ElectronicPartsDtTd_Chip46Taken,0x7F0D3BF9,record present with value >= 1 (any ProgressionManagerData section),
1311036,Electronic Part - Triumvirate Drive Chip 47,Electronic Part,Downtown,Triumvirate Drive,True,ElectronicPartsDtTd_Chip47Taken,0x8A2A9418,record present with value >= 1 (any ProgressionManagerData section),
1311037,Electronic Part - Triumvirate Drive Chip 48,Electronic Part,Downtown,Triumvirate Drive,True,ElectronicPartsDtTd_Chip48Taken,0x7158FC37,record present with value >= 1 (any ProgressionManagerData section),
1311038,Electronic Part - Triumvirate Drive Chip 49,Electronic Part,Downtown,Triumvirate Drive,True,ElectronicPartsDtTd_Chip49Taken,0x6A599356,record present with value >= 1 (any ProgressionManagerData section),
1311039,Electronic Part - Triumvirate Drive Chip 50,Electronic Part,Downtown,Triumvirate Drive,True,ElectronicPartsDtTd_Chip50Taken,0x3B8BD0BE,record present with value >= 1 (any ProgressionManagerData section),
1311040,Electronic Part - Triumvirate Drive Chip 51,Electronic Part,Downtown,Triumvirate Drive,True,ElectronicPartsDtTd_Chip51Taken,0x397EF91F,record present with value >= 1 (any ProgressionManagerData section),
1311041,Electronic Part - Triumvirate Drive Chip 52,Electronic Part,Downtown,Triumvirate Drive,True,ElectronicPartsDtTd_Chip52Taken,0x2DD770FC,record present with value >= 1 (any ProgressionManagerData section),
1311042,Electronic Part - Triumvirate Drive Chip 53,Electronic Part,Downtown,Triumvirate Drive,True,ElectronicPartsDtTd_Chip53Taken,0x2BCA995D,record present with value >= 1 (any ProgressionManagerData section),
1311043,Electronic Part - Triumvirate Drive Chip 54,Electronic Part,Downtown,Triumvirate Drive,True,ElectronicPartsDtTd_Chip54Taken,0x444FB03A,record present with value >= 1 (any ProgressionManagerData section),
1311044,Electronic Part - Triumvirate Drive Chip 55,Electronic Part,Downtown,Triumvirate Drive,True,ElectronicPartsDtTd_Chip55Taken,0x4242D89B,record present with value >= 1 (any ProgressionManagerData section),
1311045,Electronic Part - Triumvirate Drive Chip 56,Electronic Part,Downtown,Triumvirate Drive,True,ElectronicPartsDtTd_Chip56Taken,0x369B5078,record present with value >= 1 (any ProgressionManagerData section),
1311046,Electronic Part - Triumvirate Drive Chip 57,Electronic Part,Downtown,Triumvirate Drive,True,ElectronicPartsDtTd_Chip57Taken,0x348E78D9,record present with value >= 1 (any ProgressionManagerData section),
1311047,Electronic Part - Triumvirate Drive Chip 58,Electronic Part,Downtown,Triumvirate Drive,True,ElectronicPartsDtTd_Chip58Taken,0x28E2CFB6,record present with value >= 1 (any ProgressionManagerData section),
1311048,Electronic Part - Triumvirate Drive Chip 59,Electronic Part,Downtown,Triumvirate Drive,True,ElectronicPartsDtTd_Chip59Taken,0x26D5F817,record present with value >= 1 (any ProgressionManagerData section),
1311049,Electronic Part - Triumvirate Drive Chip 60,Electronic Part,Downtown,Triumvirate Drive,True,ElectronicPartsDtTd_Chip60Taken,0xE9C774BD,record present with value >= 1 (any ProgressionManagerData section),
1311050,Electronic Part - Triumvirate Drive Chip 61,Electronic Part,Downtown,Triumvirate Drive,True,ElectronicPartsDtTd_Chip61Taken,0xE3546CDC,record present with value >= 1 (any ProgressionManagerData section),
1311051,Electronic Part - Triumvirate Drive Chip 62,Electronic Part,Downtown,Triumvirate Drive,True,ElectronicPartsDtTd_Chip62Taken,0xE563547F,record present with value >= 1 (any ProgressionManagerData section),
1311052,Electronic Part - Triumvirate Drive Chip 63,Electronic Part,Downtown,Triumvirate Drive,True,ElectronicPartsDtTd_Chip63Taken,0xF10D0D9E,record present with value >= 1 (any ProgressionManagerData section),
1311053,Electronic Part - Triumvirate Drive Chip 64,Electronic Part,Downtown,Triumvirate Drive,True,ElectronicPartsDtTd_Chip64Taken,0xF28B5439,record present with value >= 1 (any ProgressionManagerData section),
1311054,Electronic Part - Triumvirate Drive Chip 65,Electronic Part,Downtown,Triumvirate Drive,True,ElectronicPartsDtTd_Chip65Taken,0xEC184C58,record present with value >= 1 (any ProgressionManagerData section),
1311055,Electronic Part - Triumvirate Drive Chip 66,Electronic Part,Downtown,Triumvirate Drive,True,ElectronicPartsDtTd_Chip66Taken,0xEE2733FB,record present with value >= 1 (any ProgressionManagerData section),
1311056,Electronic Part - Triumvirate Drive Chip 67,Electronic Part,Downtown,Triumvirate Drive,True,ElectronicPartsDtTd_Chip67Taken,0xF9D0ED1A,record present with value >= 1 (any ProgressionManagerData section),
1311057,Electronic Part - Triumvirate Drive Chip 68,Electronic Part,Downtown,Triumvirate Drive,True,ElectronicPartsDtTd_Chip68Taken,0xD71E73B5,record present with value >= 1 (any ProgressionManagerData section),
1311058,Electronic Part - Triumvirate Drive Chip 69,Electronic Part,Downtown,Triumvirate Drive,True,ElectronicPartsDtTd_Chip69Taken,0xD0AB6BD4,record present with value >= 1 (any ProgressionManagerData section),
1311059,Electronic Part - Triumvirate Drive Chip 70,Electronic Part,Downtown,Triumvirate Drive,True,ElectronicPartsDtTd_Chip70Taken,0xA1DD883C,record present with value >= 1 (any ProgressionManagerData section),
1311060,Electronic Part - Triumvirate Drive Chip 71,Electronic Part,Downtown,Triumvirate Drive,True,ElectronicPartsDtTd_Chip71Taken,0x9F444F9D,record present with value >= 1 (any ProgressionManagerData section),
1311061,Electronic Part - Triumvirate Drive Chip 72,Electronic Part,Downtown,Triumvirate Drive,True,ElectronicPartsDtTd_Chip72Taken,0x9D7DA8FE,record present with value >= 1 (any ProgressionManagerData section),
1311062,Electronic Part - Triumvirate Drive Chip 73,Electronic Part,Downtown,Triumvirate Drive,True,ElectronicPartsDtTd_Chip73Taken,0x9AE4705F,record present with value >= 1 (any ProgressionManagerData section),
1311063,Electronic Part - Triumvirate Drive Chip 74,Electronic Part,Downtown,Triumvirate Drive,True,ElectronicPartsDtTd_Chip74Taken,0xAAA167B8,record present with value >= 1 (any ProgressionManagerData section),
1311064,Electronic Part - Triumvirate Drive Chip 75,Electronic Part,Downtown,Triumvirate Drive,True,ElectronicPartsDtTd_Chip75Taken,0xA8082F19,record present with value >= 1 (any ProgressionManagerData section),
1311065,Electronic Part - Triumvirate Drive Chip 76,Electronic Part,Downtown,Triumvirate Drive,True,ElectronicPartsDtTd_Chip76Taken,0xA641887A,record present with value >= 1 (any ProgressionManagerData section),
1311066,Electronic Part - Triumvirate Drive Chip 77,Electronic Part,Downtown,Triumvirate Drive,True,ElectronicPartsDtTd_Chip77Taken,0xA3A84FDB,record present with value >= 1 (any ProgressionManagerData section),
1311067,Electronic Part - Triumvirate Drive Chip 78,Electronic Part,Downtown,Triumvirate Drive,True,ElectronicPartsDtTd_Chip78Taken,0x8F348734,record present with value >= 1 (any ProgressionManagerData section),
1311068,Electronic Part - Triumvirate Drive Chip 79,Electronic Part,Downtown,Triumvirate Drive,True,ElectronicPartsDtTd_Chip79Taken,0x8C9B4E95,record present with value >= 1 (any ProgressionManagerData section),
1311069,Electronic Part - Triumvirate Drive Chip 80,Electronic Part,Downtown,Triumvirate Drive,True,ElectronicPartsDtTd_Chip80Taken,0x4F888B33,record present with value >= 1 (any ProgressionManagerData section),
1311070,Electronic Part - Triumvirate Drive Chip 81,Electronic Part,Downtown,Triumvirate Drive,True,ElectronicPartsDtTd_Chip81Taken,0x48892252,record present with value >= 1 (any ProgressionManagerData section),
1311071,Electronic Part - Triumvirate Drive Chip 82,Electronic Part,Downtown,Triumvirate Drive,True,ElectronicPartsDtTd_Chip82Taken,0x41CFEA71,record present with value >= 1 (any ProgressionManagerData section),
1311072,Electronic Part - Triumvirate Drive Chip 83,Electronic Part,Downtown,Triumvirate Drive,True,ElectronicPartsDtTd_Chip83Taken,0x4CED4290,record present with value >= 1 (any ProgressionManagerData section),
1311073,Electronic Part - Triumvirate Drive Chip 84,Electronic Part,Downtown,Triumvirate Drive,True,ElectronicPartsDtTd_Chip84Taken,0x46C4ABB7,record present with value >= 1 (any ProgressionManagerData section),
1311074,Electronic Part - Triumvirate Drive Chip 85,Electronic Part,Downtown,Triumvirate Drive,True,ElectronicPartsDtTd_Chip85Taken,0x3FC542D6,record present with value >= 1 (any ProgressionManagerData section),
1311075,Electronic Part - Triumvirate Drive Chip 91,Electronic Part,Downtown,Triumvirate Drive,True,ElectronicPartsDtTd_Chip91Taken,0x05058713,record present with value >= 1 (any ProgressionManagerData section),
1311076,Electronic Part - Triumvirate Drive Chip 92,Electronic Part,Downtown,Triumvirate Drive,True,ElectronicPartsDtTd_Chip92Taken,0xF95DFEF0,record present with value >= 1 (any ProgressionManagerData section),
1311077,Electronic Part - Triumvirate Drive Chip 93,Electronic Part,Downtown,Triumvirate Drive,True,ElectronicPartsDtTd_Chip93Taken,0xF7512751,record present with value >= 1 (any ProgressionManagerData section),
1311078,Electronic Part - Triumvirate Drive Chip 99,Electronic Part,Downtown,Triumvirate Drive,True,ElectronicPartsDtTd_Chip99Taken,0x17AE881B,record present with value >= 1 (any ProgressionManagerData section),
1311079,Electronic Part - Charter Hill Chip 86,Electronic Part,Downtown,Charter Hill,True,ElectronicPartsDtCh_Chip86Taken,0x4C4AE70E,record present with value >= 1 (any ProgressionManagerData section),
1311080,Electronic Part - Charter Hill Chip 87,Electronic Part,Downtown,Charter Hill,True,ElectronicPartsDtCh_Chip87Taken,0x40A12DEF,record present with value >= 1 (any ProgressionManagerData section),
1311081,Electronic Part - Charter Hill Chip 88,Electronic Part,Downtown,Charter Hill,True,ElectronicPartsDtCh_Chip88Taken,0x34AD24C0,record present with value >= 1 (any ProgressionManagerData section),
1311082,Electronic Part - Charter Hill Chip 89,Electronic Part,Downtown,Charter Hill,True,ElectronicPartsDtCh_Chip89Taken,0x3B202CA1,record present with value >= 1 (any ProgressionManagerData section),
1311083,Electronic Part - Charter Hill Chip 90,Electronic Part,Downtown,Charter Hill,True,ElectronicPartsDtCh_Chip90Taken,0x653801C9,record present with value >= 1 (any ProgressionManagerData section),
1311084,Electronic Part - Charter Hill Chip 94,Electronic Part,Downtown,Charter Hill,True,ElectronicPartsDtCh_Chip94Taken,0x5C74224D,record present with value >= 1 (any ProgressionManagerData section),
1311085,Electronic Part - Charter Hill Chip 95,Electronic Part,Downtown,Charter Hill,True,ElectronicPartsDtCh_Chip95Taken,0x5E80F9EC,record present with value >= 1 (any ProgressionManagerData section),
1311086,Electronic Part - Charter Hill Chip 96,Electronic Part,Downtown,Charter Hill,True,ElectronicPartsDtCh_Chip96Taken,0x6A28820F,record present with value >= 1 (any ProgressionManagerData section),
1311087,Electronic Part - Charter Hill Chip 97,Electronic Part,Downtown,Charter Hill,True,ElectronicPartsDtCh_Chip97Taken,0x6C3559AE,record present with value >= 1 (any ProgressionManagerData section),
1311088,Electronic Part - Charter Hill Chip 98,Electronic Part,Downtown,Charter Hill,True,ElectronicPartsDtCh_Chip98Taken,0x528F00C1,record present with value >= 1 (any ProgressionManagerData section),
1311089,Electronic Part - Centurian Yards Chip 22,Electronic Part,Downtown,Centurian Yards,True,ElectronicPartsDtCy_Chip22Taken,0xFC9E7691,record present with value >= 1 (any ProgressionManagerData section),
1311090,Electronic Part - Centurian Yards Chip 23,Electronic Part,Downtown,Centurian Yards,True,ElectronicPartsDtCy_Chip23Taken,0xFF37AF30,record present with value >= 1 (any ProgressionManagerData section),
1311091,Electronic Part - Centurian Yards Chip 24,Electronic Part,Downtown,Centurian Yards,True,ElectronicPartsDtCy_Chip24Taken,0xEF7AB7D7,record present with value >= 1 (any ProgressionManagerData section),
1311092,Electronic Part - Centurian Yards Chip 25,Electronic Part,Downtown,Centurian Yards,True,ElectronicPartsDtCy_Chip25Taken,0xF213F076,record present with value >= 1 (any ProgressionManagerData section),
1311093,Electronic Part - Centurian Yards Chip 29,Electronic Part,Downtown,Centurian Yards,True,ElectronicPartsDtCy_Chip29Taken,0x0D80D0FA,record present with value >= 1 (any ProgressionManagerData section),
1311094,Electronic Part - Centurian Yards Chip 30,Electronic Part,Downtown,Centurian Yards,True,ElectronicPartsDtCy_Chip30Taken,0xDA5CBB52,record present with value >= 1 (any ProgressionManagerData section),
1311095,Electronic Part - Centurian Yards Chip 31,Electronic Part,Downtown,Centurian Yards,True,ElectronicPartsDtCy_Chip31Taken,0xE15C2433,record present with value >= 1 (any ProgressionManagerData section),
1311096,Electronic Part - Centurian Yards Chip 32,Electronic Part,Downtown,Centurian Yards,True,ElectronicPartsDtCy_Chip32Taken,0xDEC0DB90,record present with value >= 1 (any ProgressionManagerData section),
1311097,Electronic Part - Centurian Yards Chip 33,Electronic Part,Downtown,Centurian Yards,True,ElectronicPartsDtCy_Chip33Taken,0xD3A38371,record present with value >= 1 (any ProgressionManagerData section),
1311098,Electronic Part - Centurian Yards Chip 34,Electronic Part,Downtown,Centurian Yards,True,ElectronicPartsDtCy_Chip34Taken,0xD198DBD6,record present with value >= 1 (any ProgressionManagerData section),
1311099,Electronic Part - Centurian Yards Chip 35,Electronic Part,Downtown,Centurian Yards,True,ElectronicPartsDtCy_Chip35Taken,0xD89844B7,record present with value >= 1 (any ProgressionManagerData section),
1311100,Electronic Part - Centurian Yards Chip 36,Electronic Part,Downtown,Centurian Yards,True,ElectronicPartsDtCy_Chip36Taken,0xD5FCFC14,record present with value >= 1 (any ProgressionManagerData section),
1311101,Electronic Part - Centurian Yards Chip 37,Electronic Part,Downtown,Centurian Yards,True,ElectronicPartsDtCy_Chip37Taken,0xCADFA3F5,record present with value >= 1 (any ProgressionManagerData section),
1311102,Electronic Part - Centurian Yards Chip 38,Electronic Part,Downtown,Centurian Yards,True,ElectronicPartsDtCy_Chip38Taken,0xED05BC5A,record present with value >= 1 (any ProgressionManagerData section),
1311103,Electronic Part - Centurian Yards Chip 39,Electronic Part,Downtown,Centurian Yards,True,ElectronicPartsDtCy_Chip39Taken,0xF405253B,record present with value >= 1 (any ProgressionManagerData section),
1311104,Electronic Part - Centurian Yards Chip 40,Electronic Part,Downtown,Centurian Yards,True,ElectronicPartsDtCy_Chip40Taken,0x2B383FD5,record present with value >= 1 (any ProgressionManagerData section),
1311105,Electronic Part - Centurian Yards Chip 41,Electronic Part,Downtown,Centurian Yards,True,ElectronicPartsDtCy_Chip41Taken,0x2D451774,record present with value >= 1 (any ProgressionManagerData section),
1311106,Electronic Part - Concord Plaza Chip 03,Electronic Part,Downtown,Concord Plaza,True,ElectronicPartsDtCp_Chip03Taken,0x7414BB7B,record present with value >= 1 (any ProgressionManagerData section),
1311107,Electronic Part - Concord Plaza Chip 04,Electronic Part,Downtown,Concord Plaza,True,ElectronicPartsDtCp_Chip04Taken,0x6941F45C,record present with value >= 1 (any ProgressionManagerData section),
1311108,Electronic Part - Concord Plaza Chip 05,Electronic Part,Downtown,Concord Plaza,True,ElectronicPartsDtCp_Chip05Taken,0x6FB4FC3D,record present with value >= 1 (any ProgressionManagerData section),
1311109,Electronic Part - Concord Plaza Chip 06,Electronic Part,Downtown,Concord Plaza,True,ElectronicPartsDtCp_Chip06Taken,0x76FA951E,record present with value >= 1 (any ProgressionManagerData section),
1311110,Electronic Part - Concord Plaza Chip 07,Electronic Part,Downtown,Concord Plaza,True,ElectronicPartsDtCp_Chip07Taken,0x6B50DBFF,record present with value >= 1 (any ProgressionManagerData section),
1311111,Electronic Part - Concord Plaza Chip 08,Electronic Part,Downtown,Concord Plaza,True,ElectronicPartsDtCp_Chip08Taken,0x5F5CD2D0,record present with value >= 1 (any ProgressionManagerData section),
1311112,Electronic Part - Concord Plaza Chip 09,Electronic Part,Downtown,Concord Plaza,True,ElectronicPartsDtCp_Chip09Taken,0x65CFDAB1,record present with value >= 1 (any ProgressionManagerData section),
1311113,Electronic Part - Concord Plaza Chip 10,Electronic Part,Downtown,Concord Plaza,True,ElectronicPartsDtCp_Chip10Taken,0x8FE7AFD9,record present with value >= 1 (any ProgressionManagerData section),
1311114,Electronic Part - Concord Plaza Chip 11,Electronic Part,Downtown,Concord Plaza,True,ElectronicPartsDtCp_Chip11Taken,0x91F48778,record present with value >= 1 (any ProgressionManagerData section),
1311115,Electronic Part - Concord Plaza Chip 12,Electronic Part,Downtown,Concord Plaza,True,ElectronicPartsDtCp_Chip12Taken,0x9D9C0F9B,record present with value >= 1 (any ProgressionManagerData section),
1311116,Electronic Part - Concord Plaza Chip 13,Electronic Part,Downtown,Concord Plaza,True,ElectronicPartsDtCp_Chip13Taken,0x9FA8E73A,record present with value >= 1 (any ProgressionManagerData section),
1311117,Electronic Part - Concord Plaza Chip 14,Electronic Part,Downtown,Concord Plaza,True,ElectronicPartsDtCp_Chip14Taken,0x8723D05D,record present with value >= 1 (any ProgressionManagerData section),
1311118,Electronic Part - Concord Plaza Chip 15,Electronic Part,Downtown,Concord Plaza,True,ElectronicPartsDtCp_Chip15Taken,0x8930A7FC,record present with value >= 1 (any ProgressionManagerData section),
1311119,Electronic Part - Concord Plaza Chip 16,Electronic Part,Downtown,Concord Plaza,True,ElectronicPartsDtCp_Chip16Taken,0x94D8301F,record present with value >= 1 (any ProgressionManagerData section),
1311120,Electronic Part - Concord Plaza Chip 17,Electronic Part,Downtown,Concord Plaza,True,ElectronicPartsDtCp_Chip17Taken,0x96E507BE,record present with value >= 1 (any ProgressionManagerData section),
1311121,Electronic Part - Concord Plaza Chip 18,Electronic Part,Downtown,Concord Plaza,True,ElectronicPartsDtCp_Chip18Taken,0x7D3EAED1,record present with value >= 1 (any ProgressionManagerData section),
1311122,Electronic Part - Concord Plaza Chip 19,Electronic Part,Downtown,Concord Plaza,True,ElectronicPartsDtCp_Chip19Taken,0x7F4B8670,record present with value >= 1 (any ProgressionManagerData section),
1311123,Electronic Part - Concord Plaza Chip 20,Electronic Part,Downtown,Concord Plaza,True,ElectronicPartsDtCp_Chip20Taken,0x0BB3FB5A,record present with value >= 1 (any ProgressionManagerData section),
1311124,Electronic Part - Concord Plaza Chip 21,Electronic Part,Downtown,Concord Plaza,True,ElectronicPartsDtCp_Chip21Taken,0x12B3643B,record present with value >= 1 (any ProgressionManagerData section),
1311125,Electronic Part - Concord Plaza Chip 26,Electronic Part,Downtown,Concord Plaza,True,ElectronicPartsDtCp_Chip26Taken,0x07543C1C,record present with value >= 1 (any ProgressionManagerData section),
1311126,Electronic Part - Concord Plaza Chip 27,Electronic Part,Downtown,Concord Plaza,True,ElectronicPartsDtCp_Chip27Taken,0xFC36E3FD,record present with value >= 1 (any ProgressionManagerData section),
1311127,Electronic Part - Concord Plaza Chip 28,Electronic Part,Downtown,Concord Plaza,True,ElectronicPartsDtCp_Chip28Taken,0xF90AFA52,record present with value >= 1 (any ProgressionManagerData section),
1311128,Electronic Part - Crystal Valley Chip 01,Electronic Part,Anchor,Crystal Valley,True,ElectronicPartsAcCv_Chip01Taken,0x7F97A1CD,record present with value >= 1 (any ProgressionManagerData section),
1311129,Electronic Part - Crystal Valley Chip 02,Electronic Part,Anchor,Crystal Valley,True,ElectronicPartsAcCv_Chip02Taken,0x8F58D92E,record present with value >= 1 (any ProgressionManagerData section),
1311130,Electronic Part - Crystal Valley Chip 03,Electronic Part,Anchor,Crystal Valley,True,ElectronicPartsAcCv_Chip03Taken,0x8D4C018F,record present with value >= 1 (any ProgressionManagerData section),
1311131,Electronic Part - Crystal Valley Chip 13,Electronic Part,Anchor,Crystal Valley,True,ElectronicPartsAcCv_Chip13Taken,0xD0CF9CCE,record present with value >= 1 (any ProgressionManagerData section),
1311132,Electronic Part - Crystal Valley Chip 14,Electronic Part,Anchor,Crystal Valley,True,ElectronicPartsAcCv_Chip14Taken,0xD2DA4469,record present with value >= 1 (any ProgressionManagerData section),
1311133,Electronic Part - Crystal Valley Chip 15,Electronic Part,Anchor,Crystal Valley,True,ElectronicPartsAcCv_Chip15Taken,0xDDF79C88,record present with value >= 1 (any ProgressionManagerData section),
1311134,Electronic Part - Crystal Valley Chip 16,Electronic Part,Anchor,Crystal Valley,True,ElectronicPartsAcCv_Chip16Taken,0xE092E52B,record present with value >= 1 (any ProgressionManagerData section),
1311135,Electronic Part - Crystal Valley Chip 17,Electronic Part,Anchor,Crystal Valley,True,ElectronicPartsAcCv_Chip17Taken,0xD9937C4A,record present with value >= 1 (any ProgressionManagerData section),
1311136,Electronic Part - Crystal Valley Chip 18,Electronic Part,Anchor,Crystal Valley,True,ElectronicPartsAcCv_Chip18Taken,0xB76D63E5,record present with value >= 1 (any ProgressionManagerData section),
1311137,Electronic Part - Crystal Valley Chip 19,Electronic Part,Anchor,Crystal Valley,True,ElectronicPartsAcCv_Chip19Taken,0xC28ABC04,record present with value >= 1 (any ProgressionManagerData section),
1311138,Electronic Part - Crystal Valley Chip 22,Electronic Part,Anchor,Crystal Valley,True,ElectronicPartsAcCv_Chip22Taken,0x203EE12C,record present with value >= 1 (any ProgressionManagerData section),
1311139,Electronic Part - Crystal Valley Chip 24,Electronic Part,Anchor,Crystal Valley,True,ElectronicPartsAcCv_Chip24Taken,0x24A2E16A,record present with value >= 1 (any ProgressionManagerData section),
1311140,Electronic Part - Crystal Valley Chip 26,Electronic Part,Anchor,Crystal Valley,True,ElectronicPartsAcCv_Chip26Taken,0x2902C0A8,record present with value >= 1 (any ProgressionManagerData section),
1311141,Electronic Part - Crystal Valley Chip 27,Electronic Part,Anchor,Crystal Valley,True,ElectronicPartsAcCv_Chip27Taken,0x26698809,record present with value >= 1 (any ProgressionManagerData section),
1311142,Electronic Part - Crystal Valley Chip 28,Electronic Part,Anchor,Crystal Valley,True,ElectronicPartsAcCv_Chip28Taken,0x093600E6,record present with value >= 1 (any ProgressionManagerData section),
1311143,Electronic Part - Crystal Valley Chip 29,Electronic Part,Anchor,Crystal Valley,True,ElectronicPartsAcCv_Chip29Taken,0x069CC847,record present with value >= 1 (any ProgressionManagerData section),
1311144,Electronic Part - Crystal Valley Chip 30,Electronic Part,Anchor,Crystal Valley,True,ElectronicPartsAcCv_Chip30Taken,0x63C4AD6F,record present with value >= 1 (any ProgressionManagerData section),
1311145,Electronic Part - Crystal Valley Chip 31,Electronic Part,Anchor,Crystal Valley,True,ElectronicPartsAcCv_Chip31Taken,0x6F6E668E,record present with value >= 1 (any ProgressionManagerData section),
1311146,Electronic Part - Crystal Valley Chip 32,Electronic Part,Anchor,Crystal Valley,True,ElectronicPartsAcCv_Chip32Taken,0x6828CDAD,record present with value >= 1 (any ProgressionManagerData section),
1311147,Electronic Part - Crystal Valley Chip 33,Electronic Part,Anchor,Crystal Valley,True,ElectronicPartsAcCv_Chip33Taken,0x61B5C5CC,record present with value >= 1 (any ProgressionManagerData section),
1311148,Electronic Part - Crystal Valley Chip 34,Electronic Part,Anchor,Crystal Valley,True,ElectronicPartsAcCv_Chip34Taken,0x6C888CEB,record present with value >= 1 (any ProgressionManagerData section),
1311149,Electronic Part - Crystal Valley Chip 35,Electronic Part,Anchor,Crystal Valley,True,ElectronicPartsAcCv_Chip35Taken,0x7832460A,record present with value >= 1 (any ProgressionManagerData section),
1311150,Electronic Part - Crystal Valley Chip 37,Electronic Part,Anchor,Crystal Valley,True,ElectronicPartsAcCv_Chip37Taken,0x6A79A548,record present with value >= 1 (any ProgressionManagerData section),
1311151,Electronic Part - Crystal Valley Chip 39,Electronic Part,Anchor,Crystal Valley,True,ElectronicPartsAcCv_Chip39Taken,0x5CC56586,record present with value >= 1 (any ProgressionManagerData section),
1311152,Electronic Part - Crystal Valley Chip 40,Electronic Part,Anchor,Crystal Valley,True,ElectronicPartsAcCv_Chip40Taken,0xB4FCA968,record present with value >= 1 (any ProgressionManagerData section),
1311153,Electronic Part - Crystal Valley Chip 42,Electronic Part,Anchor,Crystal Valley,True,ElectronicPartsAcCv_Chip42Taken,0xC2B1092A,record present with value >= 1 (any ProgressionManagerData section),
1311154,Electronic Part - Crystal Valley Chip 43,Electronic Part,Anchor,Crystal Valley,True,ElectronicPartsAcCv_Chip43Taken,0xC0A4318B,record present with value >= 1 (any ProgressionManagerData section),
1311155,Electronic Part - Crystal Valley Chip 44,Electronic Part,Anchor,Crystal Valley,True,ElectronicPartsAcCv_Chip44Taken,0xAC38C9EC,record present with value >= 1 (any ProgressionManagerData section),
1311156,Electronic Part - Crystal Valley Chip 45,Electronic Part,Anchor,Crystal Valley,True,ElectronicPartsAcCv_Chip45Taken,0xAA2BF24D,record present with value >= 1 (any ProgressionManagerData section),
1311157,Electronic Part - Shimmering Heights Chip 01,Electronic Part,Anchor,Shimmering Heights,True,ElectronicPartsAcSh_Chip01Taken,0x3C18D0C3,record present with value >= 1 (any ProgressionManagerData section),
1311158,Electronic Part - Shimmering Heights Chip 02,Electronic Part,Anchor,Shimmering Heights,True,ElectronicPartsAcSh_Chip02Taken,0x4311E8A0,record present with value >= 1 (any ProgressionManagerData section),
1311159,Electronic Part - Shimmering Heights Chip 03,Electronic Part,Anchor,Shimmering Heights,True,ElectronicPartsAcSh_Chip03Taken,0x4078B001,record present with value >= 1 (any ProgressionManagerData section),
1311160,Electronic Part - Shimmering Heights Chip 04,Electronic Part,Anchor,Shimmering Heights,True,ElectronicPartsAcSh_Chip04Taken,0x35EE29E6,record present with value >= 1 (any ProgressionManagerData section),
1311161,Electronic Part - Shimmering Heights Chip 05,Electronic Part,Anchor,Shimmering Heights,True,ElectronicPartsAcSh_Chip05Taken,0x3354F147,record present with value >= 1 (any ProgressionManagerData section),
1311162,Electronic Part - Shimmering Heights Chip 06,Electronic Part,Anchor,Shimmering Heights,True,ElectronicPartsAcSh_Chip06Taken,0x3A4E0924,record present with value >= 1 (any ProgressionManagerData section),
1311163,Electronic Part - Shimmering Heights Chip 07,Electronic Part,Anchor,Shimmering Heights,True,ElectronicPartsAcSh_Chip07Taken,0x37B4D085,record present with value >= 1 (any ProgressionManagerData section),
1311164,Electronic Part - Shimmering Heights Chip 08,Electronic Part,Anchor,Shimmering Heights,True,ElectronicPartsAcSh_Chip08Taken,0x515B0A6A,record present with value >= 1 (any ProgressionManagerData section),
1311165,Electronic Part - Shimmering Heights Chip 09,Electronic Part,Anchor,Shimmering Heights,True,ElectronicPartsAcSh_Chip09Taken,0x4EC1D1CB,record present with value >= 1 (any ProgressionManagerData section),
1311166,Electronic Part - Shimmering Heights Chip 10,Electronic Part,Anchor,Shimmering Heights,True,ElectronicPartsAcSh_Chip10Taken,0x8697B4E3,record present with value >= 1 (any ProgressionManagerData section),
1311167,Electronic Part - Shimmering Heights Chip 11,Electronic Part,Anchor,Shimmering Heights,True,ElectronicPartsAcSh_Chip11Taken,0x92416E02,record present with value >= 1 (any ProgressionManagerData section),
1311168,Electronic Part - Shimmering Heights Chip 12,Electronic Part,Anchor,Shimmering Heights,True,ElectronicPartsAcSh_Chip12Taken,0x8AFBD521,record present with value >= 1 (any ProgressionManagerData section),
1311169,Electronic Part - Shimmering Heights Chip 20,Electronic Part,Anchor,Shimmering Heights,True,ElectronicPartsAcSh_Chip20Taken,0xA47780E0,record present with value >= 1 (any ProgressionManagerData section),
1311170,Electronic Part - Shimmering Heights Chip 21,Electronic Part,Anchor,Shimmering Heights,True,ElectronicPartsAcSh_Chip21Taken,0xA26AA941,record present with value >= 1 (any ProgressionManagerData section),
1311171,Electronic Part - Shimmering Heights Chip 23,Electronic Part,Anchor,Shimmering Heights,True,ElectronicPartsAcSh_Chip23Taken,0xB01F0903,record present with value >= 1 (any ProgressionManagerData section),
1311172,Electronic Part - Shimmering Heights Chip 25,Electronic Part,Anchor,Shimmering Heights,True,ElectronicPartsAcSh_Chip25Taken,0x99A6C9C5,record present with value >= 1 (any ProgressionManagerData section),
1311173,Electronic Part - Shimmering Heights Chip 36,Electronic Part,Anchor,Shimmering Heights,True,ElectronicPartsAcSh_Chip36Taken,0xF1DE2DA7,record present with value >= 1 (any ProgressionManagerData section),
1311174,Electronic Part - Shimmering Heights Chip 38,Electronic Part,Anchor,Shimmering Heights,True,ElectronicPartsAcSh_Chip38Taken,0xFF926D69,record present with value >= 1 (any ProgressionManagerData section),
1311175,Electronic Part - Shimmering Heights Chip 41,Electronic Part,Anchor,Shimmering Heights,True,ElectronicPartsAcSh_Chip41Taken,0x08C0A0C7,record present with value >= 1 (any ProgressionManagerData section),
1311176,Electronic Part - Shimmering Heights Chip 46,Electronic Part,Anchor,Shimmering Heights,True,ElectronicPartsAcSh_Chip46Taken,0x187D9820,record present with value >= 1 (any ProgressionManagerData section),
1311177,Electronic Part - Eden Village Chip 47,Electronic Part,Anchor,Eden Village,True,ElectronicPartsAcEv_Chip47Taken,0xFE24B649,record present with value >= 1 (any ProgressionManagerData section),
1311178,Electronic Part - Eden Village Chip 48,Electronic Part,Anchor,Eden Village,True,ElectronicPartsAcEv_Chip48Taken,0xF2790D26,record present with value >= 1 (any ProgressionManagerData section),
1311179,Electronic Part - Eden Village Chip 49,Electronic Part,Anchor,Eden Village,True,ElectronicPartsAcEv_Chip49Taken,0xF06C3587,record present with value >= 1 (any ProgressionManagerData section),
1311180,Electronic Part - Eden Village Chip 50,Electronic Part,Anchor,Eden Village,True,ElectronicPartsAcEv_Chip50Taken,0x4D983AAF,record present with value >= 1 (any ProgressionManagerData section),
1311181,Electronic Part - Eden Village Chip 51,Electronic Part,Anchor,Eden Village,True,ElectronicPartsAcEv_Chip51Taken,0x4698D1CE,record present with value >= 1 (any ProgressionManagerData section),
1311182,Electronic Part - Eden Village Chip 52,Electronic Part,Anchor,Eden Village,True,ElectronicPartsAcEv_Chip52Taken,0x3FDF99ED,record present with value >= 1 (any ProgressionManagerData section),
1311183,Electronic Part - Eden Village Chip 53,Electronic Part,Anchor,Eden Village,True,ElectronicPartsAcEv_Chip53Taken,0x4AFCF20C,record present with value >= 1 (any ProgressionManagerData section),
1311184,Electronic Part - Eden Village Chip 54,Electronic Part,Anchor,Eden Village,True,ElectronicPartsAcEv_Chip54Taken,0x565C1A2B,record present with value >= 1 (any ProgressionManagerData section),
1311185,Electronic Part - Eden Village Chip 55,Electronic Part,Anchor,Eden Village,True,ElectronicPartsAcEv_Chip55Taken,0x4F5CB14A,record present with value >= 1 (any ProgressionManagerData section),
1311186,Electronic Part - Eden Village Chip 56,Electronic Part,Anchor,Eden Village,True,ElectronicPartsAcEv_Chip56Taken,0x48A37969,record present with value >= 1 (any ProgressionManagerData section),
1311187,Electronic Part - Eden Village Chip 57,Electronic Part,Anchor,Eden Village,True,ElectronicPartsAcEv_Chip57Taken,0x53C0D188,record present with value >= 1 (any ProgressionManagerData section),
1311188,Electronic Part - Eden Village Chip 58,Electronic Part,Anchor,Eden Village,True,ElectronicPartsAcEv_Chip58Taken,0x3AEF39A7,record present with value >= 1 (any ProgressionManagerData section),
1311189,Electronic Part - Eden Village Chip 59,Electronic Part,Anchor,Eden Village,True,ElectronicPartsAcEv_Chip59Taken,0x33EFD0C6,record present with value >= 1 (any ProgressionManagerData section),
1311190,Electronic Part - Eden Village Chip 60,Electronic Part,Anchor,Eden Village,True,ElectronicPartsAcEv_Chip60Taken,0x6B73C5AC,record present with value >= 1 (any ProgressionManagerData section),
1311191,Electronic Part - Eden Village Chip 61,Electronic Part,Anchor,Eden Village,True,ElectronicPartsAcEv_Chip61Taken,0x68DA8D0D,record present with value >= 1 (any ProgressionManagerData section),
1311192,Electronic Part - Eden Village Chip 62,Electronic Part,Anchor,Eden Village,True,ElectronicPartsAcEv_Chip62Taken,0x6713E66E,record present with value >= 1 (any ProgressionManagerData section),
1311193,Electronic Part - Eden Village Chip 63,Electronic Part,Anchor,Eden Village,True,ElectronicPartsAcEv_Chip63Taken,0x647AADCF,record present with value >= 1 (any ProgressionManagerData section),
1311194,Electronic Part - Eden Village Chip 64,Electronic Part,Anchor,Eden Village,True,ElectronicPartsAcEv_Chip64Taken,0x7437A528,record present with value >= 1 (any ProgressionManagerData section),
1311195,Electronic Part - Eden Village Chip 65,Electronic Part,Anchor,Eden Village,True,ElectronicPartsAcEv_Chip65Taken,0x719E6C89,record present with value >= 1 (any ProgressionManagerData section),
1311196,Electronic Part - Eden Village Chip 66,Electronic Part,Anchor,Eden Village,True,ElectronicPartsAcEv_Chip66Taken,0x6FD7C5EA,record present with value >= 1 (any ProgressionManagerData section),
1311197,Electronic Part - Eden Village Chip 67,Electronic Part,Anchor,Eden Village,True,ElectronicPartsAcEv_Chip67Taken,0x6D3E8D4B,record present with value >= 1 (any ProgressionManagerData section),
1311198,Electronic Part - Eden Village Chip 68,Electronic Part,Anchor,Eden Village,True,ElectronicPartsAcEv_Chip68Taken,0x58CAC4A4,record present with value >= 1 (any ProgressionManagerData section),
1311199,Electronic Part - Eden Village Chip 69,Electronic Part,Anchor,Eden Village,True,ElectronicPartsAcEv_Chip69Taken,0x56318C05,record present with value >= 1 (any ProgressionManagerData section),
1311200,Electronic Part - Eden Village Chip 70,Electronic Part,Anchor,Eden Village,True,ElectronicPartsAcEv_Chip70Taken,0xB35DB22D,record present with value >= 1 (any ProgressionManagerData section),
1311201,Electronic Part - Ocean Pier Chip 01,Electronic Part,The View,Ocean Pier,True,ElectronicPartsVwOp_Chip01Taken,0x190A6624,record present with value >= 1 (any ProgressionManagerData section),
1311202,Electronic Part - Ocean Pier Chip 02,Electronic Part,The View,Ocean Pier,True,ElectronicPartsVwOp_Chip02Taken,0x12114E47,record present with value >= 1 (any ProgressionManagerData section),
1311203,Electronic Part - Ocean Pier Chip 03,Electronic Part,The View,Ocean Pier,True,ElectronicPartsVwOp_Chip03Taken,0x14AA86E6,record present with value >= 1 (any ProgressionManagerData section),
1311204,Electronic Part - Ocean Pier Chip 04,Electronic Part,The View,Ocean Pier,True,ElectronicPartsVwOp_Chip04Taken,0x1F350D01,record present with value >= 1 (any ProgressionManagerData section),
1311205,Electronic Part - Ocean Pier Chip 05,Electronic Part,The View,Ocean Pier,True,ElectronicPartsVwOp_Chip05Taken,0x21CE45A0,record present with value >= 1 (any ProgressionManagerData section),
1311206,Electronic Part - Ocean Pier Chip 06,Electronic Part,The View,Ocean Pier,True,ElectronicPartsVwOp_Chip06Taken,0x1AD52DC3,record present with value >= 1 (any ProgressionManagerData section),
1311207,Electronic Part - Ocean Pier Chip 07,Electronic Part,The View,Ocean Pier,True,ElectronicPartsVwOp_Chip07Taken,0x1D6E6662,record present with value >= 1 (any ProgressionManagerData section),
1311208,Electronic Part - Ocean Pier Chip 08,Electronic Part,The View,Ocean Pier,True,ElectronicPartsVwOp_Chip08Taken,0x291A2E8D,record present with value >= 1 (any ProgressionManagerData section),
1311209,Electronic Part - Ocean Pier Chip 09,Electronic Part,The View,Ocean Pier,True,ElectronicPartsVwOp_Chip09Taken,0x2BB3672C,record present with value >= 1 (any ProgressionManagerData section),
1311210,Electronic Part - Ocean Pier Chip 10,Electronic Part,The View,Ocean Pier,True,ElectronicPartsVwOp_Chip10Taken,0xF8939284,record present with value >= 1 (any ProgressionManagerData section),
1311211,Electronic Part - Ocean Pier Chip 11,Electronic Part,The View,Ocean Pier,True,ElectronicPartsVwOp_Chip11Taken,0xED763A65,record present with value >= 1 (any ProgressionManagerData section),
1311212,Electronic Part - Ocean Pier Chip 12,Electronic Part,The View,Ocean Pier,True,ElectronicPartsVwOp_Chip12Taken,0xF42F7246,record present with value >= 1 (any ProgressionManagerData section),
1311213,Electronic Part - Ocean Pier Chip 13,Electronic Part,The View,Ocean Pier,True,ElectronicPartsVwOp_Chip13Taken,0xFB2EDB27,record present with value >= 1 (any ProgressionManagerData section),
1311214,Electronic Part - Ocean Pier Chip 14,Electronic Part,The View,Ocean Pier,True,ElectronicPartsVwOp_Chip14Taken,0x01577200,record present with value >= 1 (any ProgressionManagerData section),
1311215,Electronic Part - Ocean Pier Chip 15,Electronic Part,The View,Ocean Pier,True,ElectronicPartsVwOp_Chip15Taken,0xF63A19E1,record present with value >= 1 (any ProgressionManagerData section),
1311216,Electronic Part - Ocean Pier Chip 16,Electronic Part,The View,Ocean Pier,True,ElectronicPartsVwOp_Chip16Taken,0xFCF351C2,record present with value >= 1 (any ProgressionManagerData section),
1311217,Electronic Part - Ocean Pier Chip 17,Electronic Part,The View,Ocean Pier,True,ElectronicPartsVwOp_Chip17Taken,0x03F2BAA3,record present with value >= 1 (any ProgressionManagerData section),
1311218,Electronic Part - Ocean Pier Chip 18,Electronic Part,The View,Ocean Pier,True,ElectronicPartsVwOp_Chip18Taken,0x0B3C938C,record present with value >= 1 (any ProgressionManagerData section),
1311219,Electronic Part - Ocean Pier Chip 19,Electronic Part,The View,Ocean Pier,True,ElectronicPartsVwOp_Chip19Taken,0x001F3B6D,record present with value >= 1 (any ProgressionManagerData section),
1311220,Electronic Part - Ocean Pier Chip 20,Electronic Part,The View,Ocean Pier,True,ElectronicPartsVwOp_Chip20Taken,0xB0ABD707,record present with value >= 1 (any ProgressionManagerData section),
1311221,Electronic Part - Ocean Pier Chip 21,Electronic Part,The View,Ocean Pier,True,ElectronicPartsVwOp_Chip21Taken,0xB2B8AEA6,record present with value >= 1 (any ProgressionManagerData section),
1311222,Electronic Part - Ocean Pier Chip 22,Electronic Part,The View,Ocean Pier,True,ElectronicPartsVwOp_Chip22Taken,0xA2F77745,record present with value >= 1 (any ProgressionManagerData section),
1311223,Electronic Part - Ocean Pier Chip 23,Electronic Part,The View,Ocean Pier,True,ElectronicPartsVwOp_Chip23Taken,0xA5044EE4,record present with value >= 1 (any ProgressionManagerData section),
1311224,Electronic Part - Ocean Pier Chip 34,Electronic Part,The View,Ocean Pier,True,ElectronicPartsVwOp_Chip34Taken,0x9B921B82,record present with value >= 1 (any ProgressionManagerData section),
1311225,Electronic Part - Ocean Pier Chip 35,Electronic Part,The View,Ocean Pier,True,ElectronicPartsVwOp_Chip35Taken,0x8FE86263,record present with value >= 1 (any ProgressionManagerData section),
1311226,Electronic Part - Ocean Pier Chip 36,Electronic Part,The View,Ocean Pier,True,ElectronicPartsVwOp_Chip36Taken,0x8DD97AC0,record present with value >= 1 (any ProgressionManagerData section),
1311227,Electronic Part - Ocean Pier Chip 45,Electronic Part,The View,Ocean Pier,True,ElectronicPartsVwOp_Chip45Taken,0x439EB6A4,record present with value >= 1 (any ProgressionManagerData section),
1311228,Electronic Part - Ocean Pier Chip 46,Electronic Part,The View,Ocean Pier,True,ElectronicPartsVwOp_Chip46Taken,0x3CA59EC7,record present with value >= 1 (any ProgressionManagerData section),
1311229,Electronic Part - Ocean Pier Chip 47,Electronic Part,The View,Ocean Pier,True,ElectronicPartsVwOp_Chip47Taken,0x3F3ED766,record present with value >= 1 (any ProgressionManagerData section),
1311230,Electronic Part - Ocean Pier Chip 48,Electronic Part,The View,Ocean Pier,True,ElectronicPartsVwOp_Chip48Taken,0x5C725E89,record present with value >= 1 (any ProgressionManagerData section),
1311231,Electronic Part - Regatta Bay Chip 24,Electronic Part,The View,Regatta Bay,True,ElectronicPartsVwRb_Chip24Taken,0x02F0A46C,record present with value >= 1 (any ProgressionManagerData section),
1311232,Electronic Part - Regatta Bay Chip 25,Electronic Part,The View,Regatta Bay,True,ElectronicPartsVwRb_Chip25Taken,0x00E3CCCD,record present with value >= 1 (any ProgressionManagerData section),
1311233,Electronic Part - Regatta Bay Chip 26,Electronic Part,The View,Regatta Bay,True,ElectronicPartsVwRb_Chip26Taken,0x10A5042E,record present with value >= 1 (any ProgressionManagerData section),
1311234,Electronic Part - Regatta Bay Chip 27,Electronic Part,The View,Regatta Bay,True,ElectronicPartsVwRb_Chip27Taken,0x0E982C8F,record present with value >= 1 (any ProgressionManagerData section),
1311235,Electronic Part - Regatta Bay Chip 28,Electronic Part,The View,Regatta Bay,True,ElectronicPartsVwRb_Chip28Taken,0xF90B82E0,record present with value >= 1 (any ProgressionManagerData section),
1311236,Electronic Part - Regatta Bay Chip 29,Electronic Part,The View,Regatta Bay,True,ElectronicPartsVwRb_Chip29Taken,0xF6FEAB41,record present with value >= 1 (any ProgressionManagerData section),
1311237,Electronic Part - Regatta Bay Chip 30,Electronic Part,The View,Regatta Bay,True,ElectronicPartsVwRb_Chip30Taken,0x54266F69,record present with value >= 1 (any ProgressionManagerData section),
1311238,Electronic Part - Regatta Bay Chip 31,Electronic Part,The View,Regatta Bay,True,ElectronicPartsVwRb_Chip31Taken,0x5F43C788,record present with value >= 1 (any ProgressionManagerData section),
1311239,Electronic Part - Regatta Bay Chip 32,Electronic Part,The View,Regatta Bay,True,ElectronicPartsVwRb_Chip32Taken,0x61DF102B,record present with value >= 1 (any ProgressionManagerData section),
1311240,Electronic Part - Regatta Bay Chip 33,Electronic Part,The View,Regatta Bay,True,ElectronicPartsVwRb_Chip33Taken,0x5ADFA74A,record present with value >= 1 (any ProgressionManagerData section),
1311241,Electronic Part - Regatta Bay Chip 37,Electronic Part,The View,Regatta Bay,True,ElectronicPartsVwRb_Chip37Taken,0x521BC7CE,record present with value >= 1 (any ProgressionManagerData section),
1311242,Electronic Part - Regatta Bay Chip 38,Electronic Part,The View,Regatta Bay,True,ElectronicPartsVwRb_Chip38Taken,0x417D6E61,record present with value >= 1 (any ProgressionManagerData section),
1311243,Electronic Part - Regatta Bay Chip 39,Electronic Part,The View,Regatta Bay,True,ElectronicPartsVwRb_Chip39Taken,0x4C9AC680,record present with value >= 1 (any ProgressionManagerData section),
1311244,Electronic Part - Regatta Bay Chip 40,Electronic Part,The View,Regatta Bay,True,ElectronicPartsVwRb_Chip40Taken,0x7296DC6E,record present with value >= 1 (any ProgressionManagerData section),
1311245,Electronic Part - Regatta Bay Chip 41,Electronic Part,The View,Regatta Bay,True,ElectronicPartsVwRb_Chip41Taken,0x6FFDA3CF,record present with value >= 1 (any ProgressionManagerData section),
1311246,Electronic Part - Regatta Bay Chip 42,Electronic Part,The View,Regatta Bay,True,ElectronicPartsVwRb_Chip42Taken,0x76F6BBAC,record present with value >= 1 (any ProgressionManagerData section),
1311247,Electronic Part - Regatta Bay Chip 43,Electronic Part,The View,Regatta Bay,True,ElectronicPartsVwRb_Chip43Taken,0x745D830D,record present with value >= 1 (any ProgressionManagerData section),
1311248,Electronic Part - Regatta Bay Chip 44,Electronic Part,The View,Regatta Bay,True,ElectronicPartsVwRb_Chip44Taken,0x7B5ABBEA,record present with value >= 1 (any ProgressionManagerData section),
1311249,Electronic Part - Zephyr Transit Hub Chip 01,Electronic Part,Zephyr Transit Hub,Zephyr Transit Hub,True,ElectronicPartsTrainstation_Chip01Taken,0x2C9AF4A0,record present with value >= 1 (any ProgressionManagerData section),
1311250,Electronic Part - Zephyr Transit Hub Chip 02,Electronic Part,Zephyr Transit Hub,Zephyr Transit Hub,True,ElectronicPartsTrainstation_Chip02Taken,0x25A1DCC3,record present with value >= 1 (any ProgressionManagerData section),
1312000,Recording - Rdz Development Zone 01,Surveillance Recording,Rezoning,Rdz Development Zone,True,AudioPickupRzRdz_ConstructionGreenCollectables3654A388-E7FA-49BA-A152-3DBBD16BFED4,0x17173322,record present with value >= 1 (any ProgressionManagerData section),
1312001,Recording - Rdz Development Zone 02,Surveillance Recording,Rezoning,Rdz Development Zone,True,AudioPickupRzRdz_ConstructionGreenCollectables5E89721A-1FF7-4388-AF1A-F3DC9732929A,0xE0560561,record present with value >= 1 (any ProgressionManagerData section),
1312002,Recording - Rdz Development Zone 03,Surveillance Recording,Rezoning,Rdz Development Zone,True,AudioPickupRzRdz_ConstructionGreenCollectables9DE43116-9565-4F85-AB6D-5808CEB0BB6D,0xD72D5AF6,record present with value >= 1 (any ProgressionManagerData section),
1312003,Recording - Rdz Development Zone 04,Surveillance Recording,Rezoning,Rdz Development Zone,True,AudioPickupRzRdz_ConstructionGreenCollectablesE5B9B099-9ED7-4716-94F8-65F4FFB3DBAB,0xB07A7679,record present with value >= 1 (any ProgressionManagerData section),
1312004,Recording - Omnistat Tunnels 01,Surveillance Recording,Rezoning,Omnistat Tunnels,True,AudioPickupRzOt_ConstructionGreenCollectables0184A83C-5570-4DEB-9BBD-BD839D2EB016,0x42E23FF1,record present with value >= 1 (any ProgressionManagerData section),
1312005,Recording - Omnistat Tunnels 02,Surveillance Recording,Rezoning,Omnistat Tunnels,True,AudioPickupRzOt_ConstructionGreenCollectables46DE13AB-CF38-4356-9B81-D46F99A028C7,0xBEB7EE5F,record present with value >= 1 (any ProgressionManagerData section),
1312006,Recording - Omnistat Tunnels 03,Surveillance Recording,Rezoning,Omnistat Tunnels,True,AudioPickupRzOt_ConstructionGreenCollectablesA37CDB53-9A1D-420B-AB92-37CEFF606B04,0xC68FAA49,record present with value >= 1 (any ProgressionManagerData section),
1312007,Recording - Omnistat Tunnels 04,Surveillance Recording,Rezoning,Omnistat Tunnels,True,AudioPickupRzOt_ConstructionGreenCollectablesAFB1BB49-767B-408F-AE32-C5B85BE3BB88,0x83971755,record present with value >= 1 (any ProgressionManagerData section),
1312008,Recording - Omnistat Tunnels 05,Surveillance Recording,Rezoning,Omnistat Tunnels,True,AudioPickupRzOt_ConstructionGreenCollectablesD28B5167-2100-4783-9D59-87D873A10DDF,0x41E272A8,record present with value >= 1 (any ProgressionManagerData section),
1312009,Recording - Omnistat Tunnels 06,Surveillance Recording,Rezoning,Omnistat Tunnels,True,AudioPickupRzOt_ConstructionGreenCollectablesF1750D3D-9BB8-4C34-B99A-FB39AD76B2B6,0x2D35DDC0,record present with value >= 1 (any ProgressionManagerData section),
1312010,Recording - Triumvirate Drive 01,Surveillance Recording,Downtown,Triumvirate Drive,True,AudioPickupDtTd_DowntownGreenCollectables06CA5836-64A4-4273-812A-EA9E29C721A7,0x3B5CC405,record present with value >= 1 (any ProgressionManagerData section),
1312011,Recording - Triumvirate Drive 02,Surveillance Recording,Downtown,Triumvirate Drive,True,AudioPickupDtTd_DowntownGreenCollectables4794FF24-D059-4B12-B3FE-E6C026F3C68C,0x7244727C,record present with value >= 1 (any ProgressionManagerData section),
1312012,Recording - Triumvirate Drive 03,Surveillance Recording,Downtown,Triumvirate Drive,True,AudioPickupDtTd_DowntownGreenCollectablesC9909726-EEF8-431A-B2AF-4E2BBD826EED,0xF301054C,record present with value >= 1 (any ProgressionManagerData section),
1312013,Recording - Charter Hill 01,Surveillance Recording,Downtown,Charter Hill,True,AudioPickupDtCh_DowntownGreenCollectablesB25DE570-E964-439E-9B31-8EAEA531BA38,0x61DEFE42,record present with value >= 1 (any ProgressionManagerData section),
1312014,Recording - Centurian Yards 01,Surveillance Recording,Downtown,Centurian Yards,True,AudioPickupDtCy_DowntownGreenCollectables262528D3-DD1A-4F14-B099-45E7F1C5C83A,0x073F894E,record present with value >= 1 (any ProgressionManagerData section),
1312015,Recording - Centurian Yards 02,Surveillance Recording,Downtown,Centurian Yards,True,AudioPickupDtCy_DowntownGreenCollectables786965B7-7915-4B7F-8BAC-56B1527A3999,0xC926F456,record present with value >= 1 (any ProgressionManagerData section),
1312016,Recording - Centurian Yards 03,Surveillance Recording,Downtown,Centurian Yards,True,AudioPickupDtCy_DowntownGreenCollectables99F447C4-7A02-4201-9C87-D5A0EAF0E984,0x9D48049C,record present with value >= 1 (any ProgressionManagerData section),
1312017,Recording - Concord Plaza 01,Surveillance Recording,Downtown,Concord Plaza,True,AudioPickupDtCp_DowntownGreenCollectables8A8F8FD0-6F0D-4283-87C3-73B37636DEF4,0x23322C0E,record present with value >= 1 (any ProgressionManagerData section),
1312018,Recording - Crystal Valley 01,Surveillance Recording,Anchor,Crystal Valley,True,AudioPickupAcCv_AnchorGreenOrb8DFF63D7-BA4F-40AD-8747-9E45B6B58DDB,0x85C25E40,record present with value >= 1 (any ProgressionManagerData section),
1312019,Recording - Crystal Valley 02,Surveillance Recording,Anchor,Crystal Valley,True,AudioPickupAcCv_AnchorGreenOrbC6988801-D432-40AE-ACCA-696EF4188748,0x224F24D2,record present with value >= 1 (any ProgressionManagerData section),
1312020,Recording - Shimmering Heights 01,Surveillance Recording,Anchor,Shimmering Heights,True,AudioPickupAcSh_AnchorGreenOrb27F112E2-0081-4681-BD1D-3BF66D1400AE,0x29E0DF19,record present with value >= 1 (any ProgressionManagerData section),
1312021,Recording - Shimmering Heights 02,Surveillance Recording,Anchor,Shimmering Heights,True,AudioPickupAcSh_AnchorGreenOrb9F0465A0-3E0C-45BB-821C-F0F5248485D1,0x8C268EBE,record present with value >= 1 (any ProgressionManagerData section),
1312022,Recording - Shimmering Heights 03,Surveillance Recording,Anchor,Shimmering Heights,True,AudioPickupAcSh_TheViewGreenOrb52DA1137-215B-49F0-99E3-6D25E6CD67D8,0x9681B432,record present with value >= 1 (any ProgressionManagerData section),
1312023,Recording - Shimmering Heights 04,Surveillance Recording,Anchor,Shimmering Heights,True,AudioPickupAcSh_TheViewGreenOrb6217D1B0-4D80-4F92-BFC5-D801145F8800,0x8A109EAC,record present with value >= 1 (any ProgressionManagerData section),
1312024,Recording - Eden Village 01,Surveillance Recording,Anchor,Eden Village,True,AudioPickupAcEv_AnchorGreenOrb53B289D4-EE57-4423-A939-298334D60972,0x9334FBFB,record present with value >= 1 (any ProgressionManagerData section),
1312025,Recording - Eden Village 02,Surveillance Recording,Anchor,Eden Village,True,AudioPickupAcEv_AnchorGreenOrb6456289F-B7C8-414D-A3CE-99859F710B75,0x39892DCB,record present with value >= 1 (any ProgressionManagerData section),
1312026,Recording - Eden Village 03,Surveillance Recording,Anchor,Eden Village,True,AudioPickupAcEv_AnchorGreenOrb7E5FA285-551D-468C-A81D-7CE314ACAF3B,0xB5C2D198,record present with value >= 1 (any ProgressionManagerData section),
1312027,Recording - Eden Village 04,Surveillance Recording,Anchor,Eden Village,True,AudioPickupAcEv_AnchorGreenOrbF9ECD3A6-689C-4E91-BEEA-80E33437A46E,0xDCF4E718,record present with value >= 1 (any ProgressionManagerData section),
1312028,Recording - Ocean Pier 01,Surveillance Recording,The View,Ocean Pier,True,AudioPickupVwOp_TheViewGreenOrb17811633-DAB4-43E4-8BB4-952A8D3022C1,0x81250FE5,record present with value >= 1 (any ProgressionManagerData section),
1312029,Recording - Ocean Pier 02,Surveillance Recording,The View,Ocean Pier,True,AudioPickupVwOp_TheViewGreenOrb5593CB86-4667-4054-B6A9-549E0526CA64,0xF970D285,record present with value >= 1 (any ProgressionManagerData section),
1312030,Recording - Ocean Pier 03,Surveillance Recording,The View,Ocean Pier,True,AudioPickupVwOp_TheViewGreenOrb8885D8B8-D737-433D-ACA1-BD878729072C,0xCE6D3373,record present with value >= 1 (any ProgressionManagerData section),
1312031,Recording - Ocean Pier 04,Surveillance Recording,The View,Ocean Pier,True,AudioPickupVwOp_TheViewGreenOrbAF9580AB-D017-4D2F-91AE-AF7E78C1CB80,0xC054740D,record present with value >= 1 (any ProgressionManagerData section),
1312032,Recording - Ocean Pier 05,Surveillance Recording,The View,Ocean Pier,True,AudioPickupVwOp_TheViewGreenOrbE45147CC-605C-41B0-8DE8-E2916741E841,0xEB7DB685,record present with value >= 1 (any ProgressionManagerData section),
1312033,Recording - Ocean Pier 06,Surveillance Recording,The View,Ocean Pier,True,AudioPickupVwOp_TheViewGreenOrbF834835F-93D1-4745-98D5-B01E7B841DDD,0x9817E710,record present with value >= 1 (any ProgressionManagerData section),
1312034,Recording - Regatta Bay 01,Surveillance Recording,The View,Regatta Bay,True,AudioPickupVwRb_TheViewGreenOrb6DDBD324-6E06-4F4A-929E-466D4FA91A1E,0xAC974D27,record present with value >= 1 (any ProgressionManagerData section),
1312035,Recording - Regatta Bay 02,Surveillance Recording,The View,Regatta Bay,True,AudioPickupVwRb_TheViewGreenOrb7D25709E-F548-49F0-9E3E-3BD9071BA754,0x5FEC0177,record present with value >= 1 (any ProgressionManagerData section),
1312036,Recording - Regatta Bay 03,Surveillance Recording,The View,Regatta Bay,True,AudioPickupVwRb_TheViewGreenOrbC12000C0-DE70-47C8-90E7-9BB4F1E0C089,0x2A5EB4C2,record present with value >= 1 (any ProgressionManagerData section),
1312037,Recording - Regatta Bay 04,Surveillance Recording,The View,Regatta Bay,True,AudioPickupVwRb_TheViewGreenOrbC9A0C6B2-182C-41C6-AE91-FD5B78D28917,0x75796FF8,record present with value >= 1 (any ProgressionManagerData section),
1312038,Recording - The Shard 01,Surveillance Recording,The Shard,The Shard,True,AudioPickupTheShard_TheShardGreenOrb5A6F8FCD-B75A-4B0E-A076-62C1E16713AA,0x74201AD2,record present with value >= 1 (any ProgressionManagerData section),
1312039,Recording - The Shard 02,Surveillance Recording,The Shard,The Shard,True,AudioPickupTheShard_TheShardGreenOrbE5F9F7E0-F1F0-4E94-9B80-A0870B2C7D23,0x9A1850D6,record present with value >= 1 (any ProgressionManagerData section),
1312040,Recording - Grid Leak audio (Noah/Icarus) 01,Surveillance Recording,Special,Grid Leak audio (Noah/Icarus),True,AudioPickupGridLeaks_AudioPickup_NoahIcarus_1,0x8217B814,record present with value >= 1 (any ProgressionManagerData section),
1312041,Recording - Grid Leak audio (Noah/Icarus) 02,Surveillance Recording,Special,Grid Leak audio (Noah/Icarus),True,AudioPickupGridLeaks_AudioPickup_NoahIcarus_2,0x8217B817,record present with value >= 1 (any ProgressionManagerData section),
1312042,Recording - Grid Leak audio (Noah/Icarus) 03,Surveillance Recording,Special,Grid Leak audio (Noah/Icarus),True,AudioPickupGridLeaks_AudioPickup_NoahIcarus_3,0x8217B816,record present with value >= 1 (any ProgressionManagerData section),
1312043,Recording - Grid Leak audio (Noah/Icarus) 04,Surveillance Recording,Special,Grid Leak audio (Noah/Icarus),True,AudioPickupGridLeaks_AudioPickup_NoahIcarus_4,0x8217B811,record present with value >= 1 (any ProgressionManagerData section),
1312044,Recording - Grid Leak audio (Noah/Icarus) 05,Surveillance Recording,Special,Grid Leak audio (Noah/Icarus),True,AudioPickupGridLeaks_AudioPickup_NoahIcarus_5,0x8217B810,record present with value >= 1 (any ProgressionManagerData section),
1313000,Document - Rdz Development Zone 01,Document,Rezoning,Rdz Development Zone,True,IntelRzRdz_DowntownIntelCollectables6CD24FF2-7155-46DB-B0B8-FC64F99AB4A9,0x63EDEF28,record present with value >= 1 (any ProgressionManagerData section),
1313001,Document - Rdz Development Zone 02,Document,Rezoning,Rdz Development Zone,True,IntelRzRdz_DowntownIntelCollectablesBCD891BD-1A45-4708-8F50-768204D916A9,0x3DA5D8D6,record present with value >= 1 (any ProgressionManagerData section),
1313002,Document - Omnistat Tunnels 01,Document,Rezoning,Omnistat Tunnels,True,IntelRzOt_DowntownIntelCollectables4105679F-17D2-4677-8E79-F97F0259D83E,0x296E762B,record present with value >= 1 (any ProgressionManagerData section),
1313003,Document - Omnistat Tunnels 02,Document,Rezoning,Omnistat Tunnels,True,IntelRzOt_DowntownIntelCollectables7FCE2BDF-9528-4841-9B24-539CE6853F69,0xA7BC25F1,record present with value >= 1 (any ProgressionManagerData section),
1313004,Document - Omnistat Tunnels 03,Document,Rezoning,Omnistat Tunnels,True,IntelRzOt_DowntownIntelCollectablesBFC21B9E-37E5-410F-A9AA-5DD7E9262F00,0xB1139975,record present with value >= 1 (any ProgressionManagerData section),
1313005,Document - Omnistat Tunnels 04,Document,Rezoning,Omnistat Tunnels,True,IntelRzOt_DowntownIntelCollectablesC85F4F53-B090-44CF-832C-211566C68C09,0x6A311CE6,record present with value >= 1 (any ProgressionManagerData section),
1313006,Document - Triumvirate Drive 01,Document,Downtown,Triumvirate Drive,True,IntelDtTd_DowntownIntelCollectables48DFE909-0857-40C1-BA7D-514943FFEFE5,0x21763C47,record present with value >= 1 (any ProgressionManagerData section),
1313007,Document - Triumvirate Drive 02,Document,Downtown,Triumvirate Drive,True,IntelDtTd_DowntownIntelCollectables9AFEB63B-F446-494F-A0A1-0C92F65CDC3B,0x20F90615,record present with value >= 1 (any ProgressionManagerData section),
1313008,Document - Triumvirate Drive 03,Document,Downtown,Triumvirate Drive,True,IntelDtTd_DowntownIntelCollectablesAA4B2B14-D7C5-4C0B-8FF3-75FDCC9D8DBB,0xA1CA95A4,record present with value >= 1 (any ProgressionManagerData section),
1313009,Document - Triumvirate Drive 04,Document,Downtown,Triumvirate Drive,True,IntelDtTd_DowntownIntelCollectablesB60F9A16-8A4D-49FC-AA56-8203978C2683,0x77818441,record present with value >= 1 (any ProgressionManagerData section),
1313010,Document - Charter Hill 01,Document,Downtown,Charter Hill,True,IntelDtCh_DowntownIntelCollectablesC92FF47A-7615-44EE-96A9-A38525E9B745,0x4E814C7E,record present with value >= 1 (any ProgressionManagerData section),
1313011,Document - Charter Hill 02,Document,Downtown,Charter Hill,True,IntelDtCh_DowntownIntelCollectablesE332F314-6980-44D7-822D-794E0C131619,0x0AC35ED8,record present with value >= 1 (any ProgressionManagerData section),
1313012,Document - Centurian Yards 01,Document,Downtown,Centurian Yards,True,IntelDtCy_DowntownIntelCollectables1B523B96-3467-4DBA-894F-5672853F083C,0x3E31748D,record present with value >= 1 (any ProgressionManagerData section),
1313013,Document - Centurian Yards 02,Document,Downtown,Centurian Yards,True,IntelDtCy_DowntownIntelCollectables287782B0-8867-465E-9AFC-05FDE6C329E9,0x44DF7588,record present with value >= 1 (any ProgressionManagerData section),
1313014,Document - Centurian Yards 03,Document,Downtown,Centurian Yards,True,IntelDtCy_DowntownIntelCollectables3DC35212-2E76-472E-BA89-455950D98DFE,0xF42899EE,record present with value >= 1 (any ProgressionManagerData section),
1313015,Document - Centurian Yards 04,Document,Downtown,Centurian Yards,True,IntelDtCy_DowntownIntelCollectables47293E99-248A-4D53-8AF3-DCE41F9CEA84,0x628DDE8F,record present with value >= 1 (any ProgressionManagerData section),
1313016,Document - Centurian Yards 05,Document,Downtown,Centurian Yards,True,IntelDtCy_DowntownIntelCollectables6E02F1B6-D61D-4FE9-833C-7A4F527AF985,0x1F35C3C0,record present with value >= 1 (any ProgressionManagerData section),
1313017,Document - Centurian Yards 06,Document,Downtown,Centurian Yards,True,IntelDtCy_DowntownIntelCollectablesBA7A6711-291D-44CB-953A-C1657A33AE4E,0xFB341640,record present with value >= 1 (any ProgressionManagerData section),
1313018,Document - Centurian Yards 07,Document,Downtown,Centurian Yards,True,IntelDtCy_DowntownIntelCollectablesE190F6C5-7526-46BE-9BF8-6DF96BED8C7C,0x49E2574D,record present with value >= 1 (any ProgressionManagerData section),
1313019,Document - Concord Plaza 01,Document,Downtown,Concord Plaza,True,IntelDtCp_DowntownIntelCollectables1C492C85-F8C0-4059-AEC4-C38B9E8C6702,0x6981F595,record present with value >= 1 (any ProgressionManagerData section),
1313020,Document - Concord Plaza 02,Document,Downtown,Concord Plaza,True,IntelDtCp_DowntownIntelCollectablesB236BDD1-8ABC-4DAC-8450-8AD7FAA24084,0x11F26CDD,record present with value >= 1 (any ProgressionManagerData section),
1313021,Document - Concord Plaza 03,Document,Downtown,Concord Plaza,True,IntelDtCp_DowntownIntelCollectablesBE6D372D-9C34-4FF4-8B9A-50E8AA5091C3,0x63752BD3,record present with value >= 1 (any ProgressionManagerData section),
1313022,Document - Concord Plaza 04,Document,Downtown,Concord Plaza,True,IntelDtCp_DowntownIntelCollectablesDCB6AD73-5E4B-476C-A66C-3D7F8748C2FE,0x3B4E6B19,record present with value >= 1 (any ProgressionManagerData section),
1313023,Document - Crystal Valley 01,Document,Anchor,Crystal Valley,True,IntelAcCv_DowntownIntelCollectables8A537FA0-E2E6-4F76-B6C4-1FF9058B1090,0x060F11EE,record present with value >= 1 (any ProgressionManagerData section),
1313024,Document - Crystal Valley 02,Document,Anchor,Crystal Valley,True,IntelAcCv_DowntownIntelCollectables977A5520-312E-47F5-B71D-1EBA1D369D1D,0x279EFE6A,record present with value >= 1 (any ProgressionManagerData section),
1313025,Document - Crystal Valley 03,Document,Anchor,Crystal Valley,True,IntelAcCv_DowntownIntelCollectablesD1AB2D95-8D9E-43C2-832C-F40A85FA6A3C,0x74DC4614,record present with value >= 1 (any ProgressionManagerData section),
1313026,Document - Shimmering Heights 01,Document,Anchor,Shimmering Heights,True,IntelAcSh_DowntownIntelCollectables249AC2B8-B057-4A45-B7FB-693EA3D1A004,0xB017CA5F,record present with value >= 1 (any ProgressionManagerData section),
1313027,Document - Shimmering Heights 02,Document,Anchor,Shimmering Heights,True,IntelAcSh_DowntownIntelCollectables2F7360B0-D1F0-4DFC-A1EC-8FDC375A244D,0xBD4AEC8F,record present with value >= 1 (any ProgressionManagerData section),
1313028,Document - Shimmering Heights 03,Document,Anchor,Shimmering Heights,True,IntelAcSh_DowntownIntelCollectables79A9AE68-206D-490B-8677-DE4372880BEF,0x3116C33B,record present with value >= 1 (any ProgressionManagerData section),
1313029,Document - Shimmering Heights 04,Document,Anchor,Shimmering Heights,True,IntelAcSh_DowntownIntelCollectables8550B8A7-A40F-4A64-BD26-57BF0F6A2B77,0x51A0C131,record present with value >= 1 (any ProgressionManagerData section),
1313030,Document - Shimmering Heights 05,Document,Anchor,Shimmering Heights,True,IntelAcSh_DowntownIntelCollectablesD32CF162-BB62-4CAB-918D-1A06F30966E9,0x4FBE7733,record present with value >= 1 (any ProgressionManagerData section),
1313031,Document - Eden Village 01,Document,Anchor,Eden Village,True,IntelAcEv_DowntownIntelCollectables222C6BB0-B8B7-4B3C-B9EF-BA34D8304AEC,0xE72F1C72,record present with value >= 1 (any ProgressionManagerData section),
1313032,Document - Eden Village 02,Document,Anchor,Eden Village,True,IntelAcEv_DowntownIntelCollectables30AC7C41-CEDB-4C80-B2AD-83FE4C8FFECC,0x6CE99F64,record present with value >= 1 (any ProgressionManagerData section),
1313033,Document - Eden Village 03,Document,Anchor,Eden Village,True,IntelAcEv_DowntownIntelCollectablesDFC46F05-D9AF-448B-BB34-649655BADEC4,0x671BF923,record present with value >= 1 (any ProgressionManagerData section),
1313034,Document - Ocean Pier 01,Document,The View,Ocean Pier,True,IntelVwOp_DowntownIntelCollectables1C794440-54CB-4AE5-A61A-7FDC20275844,0xB5EF84D5,record present with value >= 1 (any ProgressionManagerData section),
1313035,Document - Ocean Pier 02,Document,The View,Ocean Pier,True,IntelVwOp_DowntownIntelCollectables3D6C9CF2-EEFD-491A-85B8-CDF5F4792FA0,0x45C2731A,record present with value >= 1 (any ProgressionManagerData section),
1313036,Document - Ocean Pier 03,Document,The View,Ocean Pier,True,IntelVwOp_DowntownIntelCollectables8BA4860F-E069-45B3-89FA-C5DB8B1DBF7E,0xEE0B1001,record present with value >= 1 (any ProgressionManagerData section),
1313037,Document - Regatta Bay 01,Document,The View,Regatta Bay,True,IntelVwRb_DowntownIntelCollectables3337553C-76A9-4D3D-BEE5-380BCD9D3B95,0xDEB33A5F,record present with value >= 1 (any ProgressionManagerData section),
1313038,Document - Regatta Bay 02,Document,The View,Regatta Bay,True,IntelVwRb_DowntownIntelCollectables6694866B-243D-4D6D-A8A3-FD90AF56D469,0x05D483A3,record present with value >= 1 (any ProgressionManagerData section),
1313039,Document - Regatta Bay 03,Document,The View,Regatta Bay,True,IntelVwRb_DowntownIntelCollectables7A6C25F7-1DFB-447B-AB2B-6B017FBA74CD,0x7AF6481D,record present with value >= 1 (any ProgressionManagerData section),
1313040,Document - Zephyr Transit Hub 01,Document,Zephyr Transit Hub,Zephyr Transit Hub,True,IntelTrainstation_DowntownIntelCollectablesF0DF184E-0727-487A-87D5-25108A0C4567,0xD3022AF1,record present with value >= 1 (any ProgressionManagerData section),
1313041,Document - Zephyr Transit Hub 02,Document,Zephyr Transit Hub,Zephyr Transit Hub,True,IntelTrainstation_DowntownIntelCollectablesFA060487-F729-473E-BB07-AF28F97C587E,0xCB80FC6C,record present with value >= 1 (any ProgressionManagerData section),
1314000,Secret Bag - Rdz Development Zone 01,Secret Bag,Rezoning,Rdz Development Zone,True,SecretBagRzRdz_ConstructionGreenCollectables2266C3F4-48AB-4F02-9C97-09443E2F3A06,0x5E1EF27B,record present with value >= 1 (any ProgressionManagerData section),
1314001,Secret Bag - Rdz Development Zone 02,Secret Bag,Rezoning,Rdz Development Zone,True,SecretBagRzRdz_ConstructionGreenCollectables4B9EF0AB-5479-4471-B8FA-D84D8AD3CCD9,0x81C32419,record present with value >= 1 (any ProgressionManagerData section),
1314002,Secret Bag - Rdz Development Zone 03,Secret Bag,Rezoning,Rdz Development Zone,True,SecretBagRzRdz_ConstructionGreenCollectablesB4878505-1350-4523-8C50-BA35233D80A0,0x0A0CA40F,record present with value >= 1 (any ProgressionManagerData section),
1314003,Secret Bag - Rdz Development Zone 04,Secret Bag,Rezoning,Rdz Development Zone,True,SecretBagRzRdz_ConstructionGreenCollectablesB6EAD0EC-16E0-4394-84D3-841385F94BB2,0x85707C76,record present with value >= 1 (any ProgressionManagerData section),
1314004,Secret Bag - Rdz Development Zone 05,Secret Bag,Rezoning,Rdz Development Zone,True,SecretBagRzRdz_ConstructionGreenCollectablesF17DBB61-F4A6-4CC2-9719-1CBA9D223ABC,0x3D8E3AF4,record present with value >= 1 (any ProgressionManagerData section),
1314005,Secret Bag - Omnistat Tunnels 01,Secret Bag,Rezoning,Omnistat Tunnels,True,SecretBagRzOt_ConstructionGreenCollectables16DE80A8-7E2D-44C8-B68E-6192645B3EEE,0xF2F29874,record present with value >= 1 (any ProgressionManagerData section),
1314006,Secret Bag - Omnistat Tunnels 02,Secret Bag,Rezoning,Omnistat Tunnels,True,SecretBagRzOt_ConstructionGreenCollectables58A32AC6-E1EC-44D7-81A6-A3833E76AE98,0xF346ED37,record present with value >= 1 (any ProgressionManagerData section),
1314007,Secret Bag - Omnistat Tunnels 03,Secret Bag,Rezoning,Omnistat Tunnels,True,SecretBagRzOt_ConstructionGreenCollectables6738844C-AC4D-4133-B546-9D7103158967,0x73044C35,record present with value >= 1 (any ProgressionManagerData section),
1314008,Secret Bag - Omnistat Tunnels 04,Secret Bag,Rezoning,Omnistat Tunnels,True,SecretBagRzOt_ConstructionGreenCollectables6947F4E1-6572-46BD-8708-15F79BB5E940,0x0BA7D694,record present with value >= 1 (any ProgressionManagerData section),
1314009,Secret Bag - Omnistat Tunnels 05,Secret Bag,Rezoning,Omnistat Tunnels,True,SecretBagRzOt_ConstructionGreenCollectables9F7FDB9D-7949-4530-B867-04FB7DA9143F,0x23B1D4CE,record present with value >= 1 (any ProgressionManagerData section),
1314010,Secret Bag - Triumvirate Drive 01,Secret Bag,Downtown,Triumvirate Drive,True,SecretBagDtTd_DowntownGreenCollectables05D9D3CF-ECE6-4088-B643-0539A15CF6DD,0xA9F98295,record present with value >= 1 (any ProgressionManagerData section),
1314011,Secret Bag - Triumvirate Drive 02,Secret Bag,Downtown,Triumvirate Drive,True,SecretBagDtTd_DowntownGreenCollectables7751AA29-6184-423C-8487-17E9FF6D4A2A,0xF4B842DB,record present with value >= 1 (any ProgressionManagerData section),
1314012,Secret Bag - Triumvirate Drive 03,Secret Bag,Downtown,Triumvirate Drive,True,SecretBagDtTd_DowntownGreenCollectablesFB9E1A8A-9C2B-4738-B647-9D09F26DB54D,0xE2657795,record present with value >= 1 (any ProgressionManagerData section),
1314013,Secret Bag - Charter Hill 01,Secret Bag,Downtown,Charter Hill,True,SecretBagDtCh_DowntownGreenCollectablesDE52E7C8-E708-4794-8EB5-A4219BBCFF42,0x3C653644,record present with value >= 1 (any ProgressionManagerData section),
1314014,Secret Bag - Centurian Yards 01,Secret Bag,Downtown,Centurian Yards,True,SecretBagDtCy_DowntownGreenCollectables4256BAC9-0406-456F-A2DD-021362A213FE,0x31A8D4E4,record present with value >= 1 (any ProgressionManagerData section),
1314015,Secret Bag - Centurian Yards 02,Secret Bag,Downtown,Centurian Yards,True,SecretBagDtCy_DowntownGreenCollectables466A271A-46D7-420F-B14C-8710C5649A70,0xC3D8960E,record present with value >= 1 (any ProgressionManagerData section),
1314016,Secret Bag - Centurian Yards 03,Secret Bag,Downtown,Centurian Yards,True,SecretBagDtCy_DowntownGreenCollectables721C5A30-B50B-4E76-826C-C44AEF6AC856,0xEB2863AA,record present with value >= 1 (any ProgressionManagerData section),
1314017,Secret Bag - Concord Plaza 01,Secret Bag,Downtown,Concord Plaza,True,SecretBagDtCp_DowntownGreenCollectables3988A498-B777-4B21-A6D9-B3E9D5BA200C,0x13FA0EDD,record present with value >= 1 (any ProgressionManagerData section),
1314018,Secret Bag - Crystal Valley 01,Secret Bag,Anchor,Crystal Valley,True,SecretBagAcCv_AnchorGreenOrb9FD402EA-E198-42D5-9F75-D2B402A1A243,0xA3599632,record present with value >= 1 (any ProgressionManagerData section),
1314019,Secret Bag - Crystal Valley 02,Secret Bag,Anchor,Crystal Valley,True,SecretBagAcCv_AnchorGreenOrbF96304BF-692F-480D-860C-6E41B5F13AC9,0x26280378,record present with value >= 1 (any ProgressionManagerData section),
1314020,Secret Bag - Shimmering Heights 01,Secret Bag,Anchor,Shimmering Heights,True,SecretBagAcSh_AnchorGreenOrbA34FFDC6-FE8B-4401-AAEA-3C19A9152688,0xEA91E0E7,record present with value >= 1 (any ProgressionManagerData section),
1314021,Secret Bag - Shimmering Heights 02,Secret Bag,Anchor,Shimmering Heights,True,SecretBagAcSh_AnchorGreenOrbADA9761D-9610-4269-AF48-ECDE91266115,0xB5B6BA61,record present with value >= 1 (any ProgressionManagerData section),
1314022,Secret Bag - Shimmering Heights 03,Secret Bag,Anchor,Shimmering Heights,True,SecretBagAcSh_TheViewGreenOrb0C186E95-3CBB-4C59-B2DB-69C98D057427,0x191D4AD3,record present with value >= 1 (any ProgressionManagerData section),
1314023,Secret Bag - Shimmering Heights 04,Secret Bag,Anchor,Shimmering Heights,True,SecretBagAcSh_TheViewGreenOrb1D3DF056-171C-4363-BA79-D16E97604112,0x17E63905,record present with value >= 1 (any ProgressionManagerData section),
1314024,Secret Bag - Eden Village 01,Secret Bag,Anchor,Eden Village,True,SecretBagAcEv_AnchorGreenOrb3A50C265-3D06-4239-80F5-9CA2EB45CD2F,0x900A7EDB,record present with value >= 1 (any ProgressionManagerData section),
1314025,Secret Bag - Eden Village 02,Secret Bag,Anchor,Eden Village,True,SecretBagAcEv_AnchorGreenOrb6BDF5000-9D04-4D57-B61C-B5A7AF8C6E8B,0xD1C1976E,record present with value >= 1 (any ProgressionManagerData section),
1314026,Secret Bag - Eden Village 03,Secret Bag,Anchor,Eden Village,True,SecretBagAcEv_AnchorGreenOrb96462A6E-EE21-49B4-9F9A-C45643854567,0xBB8F15C8,record present with value >= 1 (any ProgressionManagerData section),
1314027,Secret Bag - Eden Village 04,Secret Bag,Anchor,Eden Village,True,SecretBagAcEv_AnchorGreenOrbF4ECF25E-871D-4249-8F29-24794661BA77,0xDE10C87E,record present with value >= 1 (any ProgressionManagerData section),
1314028,Secret Bag - Ocean Pier 01,Secret Bag,The View,Ocean Pier,True,SecretBagVwOp_TheViewGreenOrb1B4A9BD2-2ECE-4584-9590-5EB746576552,0x7141CE35,record present with value >= 1 (any ProgressionManagerData section),
1314029,Secret Bag - Ocean Pier 02,Secret Bag,The View,Ocean Pier,True,SecretBagVwOp_TheViewGreenOrb261A7A16-E1F9-4671-8E1B-722120F8B9BB,0x4971DE83,record present with value >= 1 (any ProgressionManagerData section),
1314030,Secret Bag - Ocean Pier 03,Secret Bag,The View,Ocean Pier,True,SecretBagVwOp_TheViewGreenOrb2B47E69F-B800-4ECF-AF88-B314E84B3145,0xCE50EF4C,record present with value >= 1 (any ProgressionManagerData section),
1314031,Secret Bag - Ocean Pier 04,Secret Bag,The View,Ocean Pier,True,SecretBagVwOp_TheViewGreenOrb5CA918EF-ACAC-4A3F-9AC7-4C48F62F48BA,0x22B4481E,record present with value >= 1 (any ProgressionManagerData section),
1314032,Secret Bag - Ocean Pier 05,Secret Bag,The View,Ocean Pier,True,SecretBagVwOp_TheViewGreenOrbC489740A-3ECB-4501-8314-DB949DC3B096,0x4B473400,record present with value >= 1 (any ProgressionManagerData section),
1314033,Secret Bag - Ocean Pier 06,Secret Bag,The View,Ocean Pier,True,SecretBagVwOp_TheViewGreenOrbCBD52429-9168-408B-B2BF-A65280385851,0xC63BEB2D,record present with value >= 1 (any ProgressionManagerData section),
1314034,Secret Bag - Regatta Bay 01,Secret Bag,The View,Regatta Bay,True,SecretBagVwRb_TheViewGreenOrb31AB2BC0-6A27-4650-B21E-A44AAEDA52E1,0x44348AC8,record present with value >= 1 (any ProgressionManagerData section),
1314035,Secret Bag - Regatta Bay 02,Secret Bag,The View,Regatta Bay,True,SecretBagVwRb_TheViewGreenOrb67382839-010F-427B-87E2-D5DB9E6395E8,0xA6F44FA0,record present with value >= 1 (any ProgressionManagerData section),
1314036,Secret Bag - Regatta Bay 03,Secret Bag,The View,Regatta Bay,True,SecretBagVwRb_TheViewGreenOrb68980797-1286-4968-9996-A21C6C8FCA75,0xE2A53BC4,record present with value >= 1 (any ProgressionManagerData section),
1314037,Secret Bag - Regatta Bay 04,Secret Bag,The View,Regatta Bay,True,SecretBagVwRb_TheViewGreenOrbF58FE35A-FCF5-4692-807F-AFFE23F2D9D9,0xA55D7A51,record present with value >= 1 (any ProgressionManagerData section),
1314038,Secret Bag - The Shard 01,Secret Bag,The Shard,The Shard,True,SecretBagTheShard_TheShardGreenOrb06E9E999-D328-4DFB-A1E9-040EAE6ECA7D,0xFF7F6658,record present with value >= 1 (any ProgressionManagerData section),
1314039,Secret Bag - The Shard 02,Secret Bag,The Shard,The Shard,True,SecretBagTheShard_TheShardGreenOrb070C0516-AE6E-4FF2-A5F5-DDF67F20562C,0xE923D81D,record present with value >= 1 (any ProgressionManagerData section),
1315000,Security Hub - Anchor2,Security Hub,Anchor,,True,SecurityHubsCompleted_SecHubAnchor2,0x8E23E5CC,value == 1,
1315001,Security Hub - Anchor3,Security Hub,Anchor,,True,SecurityHubsCompleted_SecHubAnchor3,0x8E23E5CD,value == 1,
1315002,Security Hub - Downtown1,Security Hub,Downtown,,True,SecurityHubsCompleted_SecHubDowntown1,0xF1AACC06,value == 1,
1315003,Security Hub - Downtown3,Security Hub,Downtown,,True,SecurityHubsCompleted_SecHubDowntown3,0xF1AACC04,value == 1,
1315004,Security Hub - Downtown4,Security Hub,Downtown,,True,SecurityHubsCompleted_SecHubDowntown4,0xF1AACC03,value == 1,
1315005,Security Hub - TheView1,Security Hub,The View,,True,SecurityHubsCompleted_SecHubTheView1,0xAF0801C2,value == 1,
1315006,Security Hub - MischiefMaker,Security Hub,,,False,SecurityHubsCompleted_SecHubMischiefMaker,0xD8959881,value == 1,cleared inside a story mission; pre-completed if the seed save finishes the story
1315007,Security Hub - Payback,Security Hub,,,False,SecurityHubsCompleted_SecHubPayback,0x09647504,value == 1,cleared inside a story mission; pre-completed if the seed save finishes the story
1315100,Grid Node - Rezoning,Grid Node,Rezoning,,True,GridNodes_RezoningCompleted,0xD81F76B0,value == 1,
1315101,Grid Node - Downtown,Grid Node,Downtown,,True,GridNodes_DtCompleted,0x511981AC,value == 1,
1315102,Grid Node - The View,Grid Node,The View,,True,GridNodes_ViewCompleted,0x9BFADC71,value == 1,
1315103,Grid Node - Anchor,Grid Node,Anchor,,False,GridNodes_AncCompleted,0x39427D70,value == 1,Grid Node Anchor is a story (Gold) mission
1315200,Billboard - Anchor 01,Billboard Hack,Anchor,,True,HackableBillboards_anc01,0x2151B27E,value == 1,
1315201,Billboard - Anchor 02,Billboard Hack,Anchor,,True,HackableBillboards_anc02,0x2151B27D,value == 1,
1315202,Billboard - Anchor 03,Billboard Hack,Anchor,,True,HackableBillboards_anc03,0x2151B27C,value == 1,
1315203,Billboard - Downtown 01,Billboard Hack,Downtown,,True,HackableBillboards_dt1,0xA05ABE72,value == 1,
1315204,Billboard - Downtown 02,Billboard Hack,Downtown,,True,HackableBillboards_dt2,0xA05ABE71,value == 1,
1315205,Billboard - Downtown 03,Billboard Hack,Downtown,,True,HackableBillboards_dt3,0xA05ABE70,value == 1,
1315206,Billboard - Downtown 04,Billboard Hack,Downtown,,True,HackableBillboards_dt4,0xA05ABE77,value == 1,
1315207,Billboard - Rezoning 01,Billboard Hack,Rezoning,,True,HackableBillboards_rz01,0xABA51BBA,value == 1,
1315208,Billboard - Rezoning 02,Billboard Hack,Rezoning,,True,HackableBillboards_rz02,0xABA51BB9,value == 1,
1315209,Billboard - The View 01,Billboard Hack,The View,,True,HackableBillboards_tvbb01,0x3F703F30,value == 1,
1315210,Billboard - The View 02,Billboard Hack,The View,,True,HackableBillboards_tvbb02,0x3F703F33,value == 1,
1315211,Billboard - The View 03,Billboard Hack,The View,,True,HackableBillboards_tvbb03,0x3F703F32,value == 1,
1316000,Opportunity - Anchor Ph4 #01,Opportunity,Anchor,,True,MiscCompleted_OW Opp AncPh4 01,0xD49DACF5,value == 1 (also sets '<name>_CompletedTime'),
1316001,Opportunity - Anchor Ph4 #02,Opportunity,Anchor,,True,MiscCompleted_OW Opp AncPh4 02,0xD49DACF6,value == 1 (also sets '<name>_CompletedTime'),
1316002,Opportunity - Anchor Ph4 #03,Opportunity,Anchor,,True,MiscCompleted_OW Opp AncPh4 03,0xD49DACF7,value == 1 (also sets '<name>_CompletedTime'),
1316003,Opportunity - Anchor Ph4 #04,Opportunity,Anchor,,True,MiscCompleted_OW Opp AncPh4 04,0xD49DACF0,value == 1 (also sets '<name>_CompletedTime'),
1316004,Opportunity - Anchor Ph4 #05,Opportunity,Anchor,,True,MiscCompleted_OW Opp AncPh4 05,0xD49DACF1,value == 1 (also sets '<name>_CompletedTime'),
1316005,Opportunity - Anchor Ph4 #06,Opportunity,Anchor,,True,MiscCompleted_OW Opp AncPh4 06,0xD49DACF2,value == 1 (also sets '<name>_CompletedTime'),
1316006,Opportunity - Anchor Ph4 #07,Opportunity,Anchor,,True,MiscCompleted_OW Opp AncPh4 07,0xD49DACF3,value == 1 (also sets '<name>_CompletedTime'),
1316007,Opportunity - Anchor Ph4 #08,Opportunity,Anchor,,True,MiscCompleted_OW Opp AncPh4 08,0xD49DACFC,value == 1 (also sets '<name>_CompletedTime'),
1316008,Opportunity - Anchor Ph5 #01,Opportunity,Anchor,,True,MiscCompleted_OW Opp AncPh5 01,0xD49D28D4,value == 1 (also sets '<name>_CompletedTime'),
1316009,Opportunity - Anchor Ph5 #02,Opportunity,Anchor,,True,MiscCompleted_OW Opp AncPh5 02,0xD49D28D7,value == 1 (also sets '<name>_CompletedTime'),
1316010,Opportunity - Anchor Ph5 #03,Opportunity,Anchor,,True,MiscCompleted_OW Opp AncPh5 03,0xD49D28D6,value == 1 (also sets '<name>_CompletedTime'),
1316011,Opportunity - Anchor Ph5 #04,Opportunity,Anchor,,True,MiscCompleted_OW Opp AncPh5 04,0xD49D28D1,value == 1 (also sets '<name>_CompletedTime'),
1316012,Opportunity - Anchor Ph5 #05,Opportunity,Anchor,,True,MiscCompleted_OW Opp AncPh5 05,0xD49D28D0,value == 1 (also sets '<name>_CompletedTime'),
1316013,Opportunity - Anchor Ph5 #06,Opportunity,Anchor,,True,MiscCompleted_OW Opp AncPh5 06,0xD49D28D3,value == 1 (also sets '<name>_CompletedTime'),
1316014,Opportunity - Rezoning Ph6 #01,Opportunity,Rezoning,,True,MiscCompleted_OW Opp CtPh6 01,0x08B3012C,value == 1 (also sets '<name>_CompletedTime'),Ct assumed = Construction/Rezoning (unverified)
1316015,Opportunity - Rezoning Ph6 #02,Opportunity,Rezoning,,True,MiscCompleted_OW Opp CtPh6 02,0x08B3012F,value == 1 (also sets '<name>_CompletedTime'),Ct assumed = Construction/Rezoning (unverified)
1316016,Opportunity - Rezoning Ph6 #03,Opportunity,Rezoning,,True,MiscCompleted_OW Opp CtPh6 03,0x08B3012E,value == 1 (also sets '<name>_CompletedTime'),Ct assumed = Construction/Rezoning (unverified)
1316017,Opportunity - Rezoning Ph6 #04,Opportunity,Rezoning,,True,MiscCompleted_OW Opp CtPh6 04,0x08B30129,value == 1 (also sets '<name>_CompletedTime'),Ct assumed = Construction/Rezoning (unverified)
1316018,Opportunity - Rezoning Ph6 #05,Opportunity,Rezoning,,True,MiscCompleted_OW Opp CtPh6 05,0x08B30128,value == 1 (also sets '<name>_CompletedTime'),Ct assumed = Construction/Rezoning (unverified)
1316019,Opportunity - Rezoning Ph6 #06,Opportunity,Rezoning,,True,MiscCompleted_OW Opp CtPh6 06,0x08B3012B,value == 1 (also sets '<name>_CompletedTime'),Ct assumed = Construction/Rezoning (unverified)
1316020,Opportunity - Downtown Ph2 #01,Opportunity,Downtown,,True,MiscCompleted_OW Opp DtPh2 01,0xB1DE750F,value == 1 (also sets '<name>_CompletedTime'),
1316021,Opportunity - Downtown Ph2 #02,Opportunity,Downtown,,True,MiscCompleted_OW Opp DtPh2 02,0xB1DE750C,value == 1 (also sets '<name>_CompletedTime'),
1316022,Opportunity - Downtown Ph2 #03,Opportunity,Downtown,,True,MiscCompleted_OW Opp DtPh2 03,0xB1DE750D,value == 1 (also sets '<name>_CompletedTime'),
1316023,Opportunity - Downtown Ph2 #04,Opportunity,Downtown,,True,MiscCompleted_OW Opp DtPh2 04,0xB1DE750A,value == 1 (also sets '<name>_CompletedTime'),
1316024,Opportunity - Downtown Ph2 #05,Opportunity,Downtown,,True,MiscCompleted_OW Opp DtPh2 05,0xB1DE750B,value == 1 (also sets '<name>_CompletedTime'),
1316025,Opportunity - Downtown Ph2 #06,Opportunity,Downtown,,True,MiscCompleted_OW Opp DtPh2 06,0xB1DE7508,value == 1 (also sets '<name>_CompletedTime'),
1316026,Opportunity - Downtown Ph3 #01,Opportunity,Downtown,,True,MiscCompleted_OW Opp DtPh3 01,0xB1E011EE,value == 1 (also sets '<name>_CompletedTime'),
1316027,Opportunity - Downtown Ph3 #02,Opportunity,Downtown,,True,MiscCompleted_OW Opp DtPh3 02,0xB1E011ED,value == 1 (also sets '<name>_CompletedTime'),
1316028,Opportunity - Downtown Ph3 #03,Opportunity,Downtown,,True,MiscCompleted_OW Opp DtPh3 03,0xB1E011EC,value == 1 (also sets '<name>_CompletedTime'),
1316029,Opportunity - Downtown Ph3 #04,Opportunity,Downtown,,True,MiscCompleted_OW Opp DtPh3 04,0xB1E011EB,value == 1 (also sets '<name>_CompletedTime'),
1316030,Opportunity - Downtown Ph3 #05,Opportunity,Downtown,,True,MiscCompleted_OW Opp DtPh3 05,0xB1E011EA,value == 1 (also sets '<name>_CompletedTime'),
1316031,Opportunity - Downtown Ph3 #06,Opportunity,Downtown,,True,MiscCompleted_OW Opp DtPh3 06,0xB1E011E9,value == 1 (also sets '<name>_CompletedTime'),
1316032,Opportunity - Downtown Ph3 #07,Opportunity,Downtown,,True,MiscCompleted_OW Opp DtPh3 07,0xB1E011E8,value == 1 (also sets '<name>_CompletedTime'),
1316033,Opportunity - Downtown Ph3 #08,Opportunity,Downtown,,True,MiscCompleted_OW Opp DtPh3 08,0xB1E011E7,value == 1 (also sets '<name>_CompletedTime'),
1316034,Opportunity - The View Ph7 #01,Opportunity,The View,,True,MiscCompleted_OW Opp VwPh7 01,0x50BB71BB,value == 1 (also sets '<name>_CompletedTime'),
1316035,Opportunity - The View Ph7 #02,Opportunity,The View,,True,MiscCompleted_OW Opp VwPh7 02,0x50BB71B8,value == 1 (also sets '<name>_CompletedTime'),
1316036,Opportunity - The View Ph7 #03,Opportunity,The View,,True,MiscCompleted_OW Opp VwPh7 03,0x50BB71B9,value == 1 (also sets '<name>_CompletedTime'),
1316037,Opportunity - The View Ph7 #04,Opportunity,The View,,True,MiscCompleted_OW Opp VwPh7 04,0x50BB71BE,value == 1 (also sets '<name>_CompletedTime'),
1316038,Opportunity - The View Ph7 #05,Opportunity,The View,,True,MiscCompleted_OW Opp VwPh7 05,0x50BB71BF,value == 1 (also sets '<name>_CompletedTime'),
1316039,Opportunity - The View Ph7 #06,Opportunity,The View,,True,MiscCompleted_OW Opp VwPh7 06,0x50BB71BC,value == 1 (also sets '<name>_CompletedTime'),
1317000,Side Mission - An Ear to the Ground,Side Mission,,,True,An Ear to the Ground_CompletedTime,0x6E0CF2BC,'<mission>_CompletedTime' changes from 0 to non-zero (the client never writes it),unlock/replay flag: SilverCompleted_An Ear to the Ground
1317001,Side Mission - Birdman's Delivery,Side Mission,,,True,Birdman's Delivery_CompletedTime,0xD6879B15,'<mission>_CompletedTime' changes from 0 to non-zero (the client never writes it),unlock/replay flag: SilverCompleted_Birdman's Delivery
1317002,Side Mission - Break And Entry,Side Mission,,,True,Break And Entry_CompletedTime,0xFBD17842,'<mission>_CompletedTime' changes from 0 to non-zero (the client never writes it),unlock/replay flag: SilverCompleted_Break And Entry
1317003,Side Mission - Caught in the Web,Side Mission,,,True,Caught in the Web_CompletedTime,0x18DD6DC0,'<mission>_CompletedTime' changes from 0 to non-zero (the client never writes it),unlock/replay flag: SilverCompleted_Caught in the Web
1317004,Side Mission - Complete Coverage,Side Mission,,,True,Complete Coverage_CompletedTime,0x3E0E6D25,'<mission>_CompletedTime' changes from 0 to non-zero (the client never writes it),unlock/replay flag: SilverCompleted_Complete Coverage
1317005,Side Mission - Drone Works,Side Mission,,,True,Drone Works_CompletedTime,0xCEE20802,'<mission>_CompletedTime' changes from 0 to non-zero (the client never writes it),unlock/replay flag: SilverCompleted_Drone Works
1317006,Side Mission - Exit Strategy,Side Mission,,,True,Exit Strategy_CompletedTime,0x73A854D9,'<mission>_CompletedTime' changes from 0 to non-zero (the client never writes it),unlock/replay flag: SilverCompleted_Exit Strategy
1317007,Side Mission - Finger on the Pulse,Side Mission,,,True,Finger on the Pulse_CompletedTime,0xB209C074,'<mission>_CompletedTime' changes from 0 to non-zero (the client never writes it),unlock/replay flag: SilverCompleted_Finger on the Pulse
1317008,Side Mission - The Meta Grid,Side Mission,,,True,The Meta Grid_CompletedTime,0xBCBB773E,'<mission>_CompletedTime' changes from 0 to non-zero (the client never writes it),unlock/replay flag: SilverCompleted_The Meta Grid
1317009,Side Mission - Top of the World,Side Mission,,,True,Top of the World_CompletedTime,0x0792DC9B,'<mission>_CompletedTime' changes from 0 to non-zero (the client never writes it),unlock/replay flag: SilverCompleted_Top of the World
1317010,Side Mission - Two Pigeons With One Stone,Side Mission,,,True,Two Pigeons With One Stone_CompletedTime,0xA0BCE842,'<mission>_CompletedTime' changes from 0 to non-zero (the client never writes it),unlock/replay flag: SilverCompleted_Two Pigeons With One Stone
1318000,Opportunity - Delivery Ph2 #1,Opportunity (Delivery),,,True,OWPh2Delivery01_CompletedTime,0xAAFC606D,'<mission>_CompletedTime' changes from 0 to non-zero (the client never writes it),also BronzeCompleted_OWPh2Delivery01
1318001,Opportunity - Delivery Ph2 #2,Opportunity (Delivery),,,True,OWPh2Delivery02_CompletedTime,0xC589F02E,'<mission>_CompletedTime' changes from 0 to non-zero (the client never writes it),also BronzeCompleted_OWPh2Delivery02
1318002,Opportunity - Delivery Ph2 #3,Opportunity (Delivery),,,True,OWPh2Delivery03_CompletedTime,0x0F01CC6F,'<mission>_CompletedTime' changes from 0 to non-zero (the client never writes it),also BronzeCompleted_OWPh2Delivery03
1318003,Opportunity - Delivery Ph3 #1,Opportunity (Delivery),,,True,OWPh3Delivery01_CompletedTime,0xFBBDC0EC,'<mission>_CompletedTime' changes from 0 to non-zero (the client never writes it),also BronzeCompleted_OWPh3Delivery01
1318004,Opportunity - Delivery Ph3 #2,Opportunity (Delivery),,,True,OWPh3Delivery02_CompletedTime,0x4F78222F,'<mission>_CompletedTime' changes from 0 to non-zero (the client never writes it),also BronzeCompleted_OWPh3Delivery02
1318005,Opportunity - Delivery Ph3 #3,Opportunity (Delivery),,,True,OWPh3Delivery03_CompletedTime,0xB10568EE,'<mission>_CompletedTime' changes from 0 to non-zero (the client never writes it),also BronzeCompleted_OWPh3Delivery03
1318006,Opportunity - Delivery Ph4 #1,Opportunity (Delivery),,,True,OWPh4Delivery01_CompletedTime,0xF73753EB,'<mission>_CompletedTime' changes from 0 to non-zero (the client never writes it),also BronzeCompleted_OWPh4Delivery01
1318007,Opportunity - Delivery Ph4 #2,Opportunity (Delivery),,,True,OWPh4Delivery02_CompletedTime,0x09806AA8,'<mission>_CompletedTime' changes from 0 to non-zero (the client never writes it),also BronzeCompleted_OWPh4Delivery02
1318008,Opportunity - Delivery Ph4 #3,Opportunity (Delivery),,,True,OWPh4Delivery03_CompletedTime,0x9331E7E9,'<mission>_CompletedTime' changes from 0 to non-zero (the client never writes it),also BronzeCompleted_OWPh4Delivery03
1318009,Opportunity - Delivery Ph5 #1,Opportunity (Delivery),,,True,OWPh5Delivery01_CompletedTime,0x993AF06A,'<mission>_CompletedTime' changes from 0 to non-zero (the client never writes it),also BronzeCompleted_OWPh5Delivery01
1318010,Opportunity - Delivery Ph5 #2,Opportunity (Delivery),,,True,OWPh5Delivery02_CompletedTime,0x422C60A9,'<mission>_CompletedTime' changes from 0 to non-zero (the client never writes it),also BronzeCompleted_OWPh5Delivery02
1318011,Opportunity - Delivery Ph5 #3,Opportunity (Delivery),,,True,OWPh5Delivery03_CompletedTime,0xE3F34868,'<mission>_CompletedTime' changes from 0 to non-zero (the client never writes it),also BronzeCompleted_OWPh5Delivery03
1318012,Opportunity - Delivery Ph6 #1,Opportunity (Delivery),,,True,OWPh6Delivery01_CompletedTime,0x05734169,'<mission>_CompletedTime' changes from 0 to non-zero (the client never writes it),also BronzeCompleted_OWPh6Delivery01
1318013,Opportunity - Delivery Ph6 #2,Opportunity (Delivery),,,True,OWPh6Delivery02_CompletedTime,0x2000D12A,'<mission>_CompletedTime' changes from 0 to non-zero (the client never writes it),also BronzeCompleted_OWPh6Delivery02
1318014,Opportunity - Delivery Ph6 #3,Opportunity (Delivery),,,True,OWPh6Delivery03_CompletedTime,0x6978AD6B,'<mission>_CompletedTime' changes from 0 to non-zero (the client never writes it),also BronzeCompleted_OWPh6Delivery03
1318015,Opportunity - Delivery Ph7 #1,Opportunity (Delivery),,,True,OWPh7Delivery01_CompletedTime,0x5634A1E8,'<mission>_CompletedTime' changes from 0 to non-zero (the client never writes it),also BronzeCompleted_OWPh7Delivery01
1318016,Opportunity - Delivery Ph7 #2,Opportunity (Delivery),,,True,OWPh7Delivery02_CompletedTime,0xA9EF032B,'<mission>_CompletedTime' changes from 0 to non-zero (the client never writes it),also BronzeCompleted_OWPh7Delivery02
1318017,Opportunity - Delivery Ph7 #3,Opportunity (Delivery),,,True,OWPh7Delivery03_CompletedTime,0x0B7C49EA,'<mission>_CompletedTime' changes from 0 to non-zero (the client never writes it),also BronzeCompleted_OWPh7Delivery03
1318100,Activity - OPPDT01Delivery,Misc Activity,,,False,OPPDT01Delivery_CompletedTime,0x74E6FF00,'<mission>_CompletedTime' changes from 0 to non-zero (the client never writes it),in-game name/where unknown; verify before enabling
1318101,Activity - OPPDT02_Delivery,Misc Activity,,,False,OPPDT02_Delivery_CompletedTime,0xE60547DC,'<mission>_CompletedTime' changes from 0 to non-zero (the client never writes it),in-game name/where unknown; verify before enabling
1318102,Activity - OPPANC01Delivery,Misc Activity,,,False,OPPANC01Delivery_CompletedTime,0x4619241C,'<mission>_CompletedTime' changes from 0 to non-zero (the client never writes it),in-game name/where unknown; verify before enabling
1318103,Activity - Dt02Delivery01,Misc Activity,,,False,Dt02Delivery01_CompletedTime,0x5A9C8DCD,'<mission>_CompletedTime' changes from 0 to non-zero (the client never writes it),in-game name/where unknown; verify before enabling
1318104,Activity - OPPDT01OpportunityMissions,Misc Activity,,,False,OPPDT01OpportunityMissions_CompletedTime,0x206CF5BA,'<mission>_CompletedTime' changes from 0 to non-zero (the client never writes it),in-game name/where unknown; verify before enabling
1318105,Activity - OPPDT02RunnerBeatdown,Misc Activity,,,False,OPPDT02RunnerBeatdown_CompletedTime,0xD47BD34F,'<mission>_CompletedTime' changes from 0 to non-zero (the client never writes it),in-game name/where unknown; verify before enabling
1318106,Activity - Anc01Opportunity,Misc Activity,,,False,Anc01Opportunity_CompletedTime,0x37C35F16,'<mission>_CompletedTime' changes from 0 to non-zero (the client never writes it),in-game name/where unknown; verify before enabling
1318107,Activity - OWPh3OppMiss02,Misc Activity,,,False,OWPh3OppMiss02_CompletedTime,0x6B705338,'<mission>_CompletedTime' changes from 0 to non-zero (the client never writes it),in-game name/where unknown; verify before enabling
1319000,Story - Back in the Game,Story Mission,,,False,Back in the Game_CompletedTime,0x1F14D019,'<mission>_CompletedTime' changes from 0 to non-zero (the client never writes it),only usable if the story is NOT pre-completed in the seed save
1319001,Story - Be Like Water,Story Mission,,,False,Be Like Water_CompletedTime,0x07F1F23B,'<mission>_CompletedTime' changes from 0 to non-zero (the client never writes it),only usable if the story is NOT pre-completed in the seed save
1319002,Story - Benefactor,Story Mission,,,False,Benefactor_CompletedTime,0xC5B4AB23,'<mission>_CompletedTime' changes from 0 to non-zero (the client never writes it),only usable if the story is NOT pre-completed in the seed save
1319003,Story - Birdman's Route,Story Mission,,,False,Birdman's Route_CompletedTime,0xEECE0010,'<mission>_CompletedTime' changes from 0 to non-zero (the client never writes it),only usable if the story is NOT pre-completed in the seed save
1319004,Story - Encroachment,Story Mission,,,False,Encroachment_CompletedTime,0x8960494F,'<mission>_CompletedTime' changes from 0 to non-zero (the client never writes it),only usable if the story is NOT pre-completed in the seed save
1319005,Story - Family Matters,Story Mission,,,False,Family Matters_CompletedTime,0xAB0CE71C,'<mission>_CompletedTime' changes from 0 to non-zero (the client never writes it),only usable if the story is NOT pre-completed in the seed save
1319006,Story - Fly Trap,Story Mission,,,False,Fly Trap_CompletedTime,0xB36F7606,'<mission>_CompletedTime' changes from 0 to non-zero (the client never writes it),only usable if the story is NOT pre-completed in the seed save
1319007,Story - Grid Node Anchor,Story Mission,,,False,Grid Node Anchor_CompletedTime,0xAB8C3483,'<mission>_CompletedTime' changes from 0 to non-zero (the client never writes it),only usable if the story is NOT pre-completed in the seed save
1319008,Story - Kingdom,Story Mission,,,False,Kingdom_CompletedTime,0x4B40088F,'<mission>_CompletedTime' changes from 0 to non-zero (the client never writes it),only usable if the story is NOT pre-completed in the seed save
1319009,Story - Mischief Maker,Story Mission,,,False,Mischief Maker_CompletedTime,0xF0A40424,'<mission>_CompletedTime' changes from 0 to non-zero (the client never writes it),only usable if the story is NOT pre-completed in the seed save
1319010,Story - Old Friends,Story Mission,,,False,Old Friends_CompletedTime,0x71ACE024,'<mission>_CompletedTime' changes from 0 to non-zero (the client never writes it),only usable if the story is NOT pre-completed in the seed save
1319011,Story - Payback,Story Mission,,,False,Payback_CompletedTime,0xD02AC2E1,'<mission>_CompletedTime' changes from 0 to non-zero (the client never writes it),only usable if the story is NOT pre-completed in the seed save
1319012,Story - Prisoner X,Story Mission,,,False,Prisoner X_CompletedTime,0x8C0754F4,'<mission>_CompletedTime' changes from 0 to non-zero (the client never writes it),only usable if the story is NOT pre-completed in the seed save
1319013,Story - Release,Story Mission,,,False,Release_CompletedTime,0x73E086CB,'<mission>_CompletedTime' changes from 0 to non-zero (the client never writes it),only usable if the story is NOT pre-completed in the seed save
1319014,Story - Reunion,Story Mission,,,False,Reunion_CompletedTime,0x9E2A2726,'<mission>_CompletedTime' changes from 0 to non-zero (the client never writes it),only usable if the story is NOT pre-completed in the seed save
1319015,Story - Sanctuary,Story Mission,,,False,Sanctuary_CompletedTime,0x039C86D6,'<mission>_CompletedTime' changes from 0 to non-zero (the client never writes it),only usable if the story is NOT pre-completed in the seed save
1319016,Story - Savant Extraordinaire,Story Mission,,,False,Savant Extraordinaire_CompletedTime,0xCD35FE06,'<mission>_CompletedTime' changes from 0 to non-zero (the client never writes it),only usable if the story is NOT pre-completed in the seed save
1319017,Story - The Shard,Story Mission,,,False,The Shard_CompletedTime,0xD1063F97,'<mission>_CompletedTime' changes from 0 to non-zero (the client never writes it),only usable if the story is NOT pre-completed in the seed save
1319018,"Story - Tickets, Please",Story Mission,,,False,"Tickets, Please_CompletedTime",0x946C6817,'<mission>_CompletedTime' changes from 0 to non-zero (the client never writes it),only usable if the story is NOT pre-completed in the seed save
1319019,Story - Vive La Resistance,Story Mission,,,False,Vive La Resistance_CompletedTime,0xC7E5B880,'<mission>_CompletedTime' changes from 0 to non-zero (the client never writes it),only usable if the story is NOT pre-completed in the seed save
1319500,Mission Green Orbs - BackInTheGame,Mission Green Orbs,,,False,GreenCollectiblesMission_BackInTheGame,0x4CBE1A19,value is a COUNT; decide threshold (e.g. >= 1) before enabling,inside story missions; replay-only if story pre-completed
1319501,Mission Green Orbs - Benefactor,Mission Green Orbs,,,False,GreenCollectiblesMission_Benefactor,0xB7DB69C3,value is a COUNT; decide threshold (e.g. >= 1) before enabling,inside story missions; replay-only if story pre-completed
1319502,Mission Green Orbs - FamilyMatters,Mission Green Orbs,,,False,GreenCollectiblesMission_FamilyMatters,0x254C649C,value is a COUNT; decide threshold (e.g. >= 1) before enabling,inside story missions; replay-only if story pre-completed
1319503,Mission Green Orbs - Kingdom,Mission Green Orbs,,,False,GreenCollectiblesMission_Kingdom,0x09CA8D4F,value is a COUNT; decide threshold (e.g. >= 1) before enabling,inside story missions; replay-only if story pre-completed
1319504,Mission Green Orbs - PrisonerX,Mission Green Orbs,,,False,GreenCollectiblesMission_PrisonerX,0x4BAF9BF4,value is a COUNT; decide threshold (e.g. >= 1) before enabling,inside story missions; replay-only if story pre-completed
1319505,Mission Green Orbs - SavantExtraordinaire,Mission Green Orbs,,,False,GreenCollectiblesMission_SavantExtraordinaire,0x803A1BC6,value is a COUNT; decide threshold (e.g. >= 1) before enabling,inside story missions; replay-only if story pre-completed
1319506,Mission Green Orbs - TheShard,Mission Green Orbs,,,False,GreenCollectiblesMission_TheShard,0x6002EA97,value is a COUNT; decide threshold (e.g. >= 1) before enabling,inside story missions; replay-only if story pre-completed
1319507,Mission Green Orbs - ViveLaResistance,Mission Green Orbs,,,False,GreenCollectiblesMission_ViveLaResistance,0xF463FD00,value is a COUNT; decide threshold (e.g. >= 1) before enabling,inside story missions; replay-only if story pre-completed
1319508,Story Collectible Set - Aline,Story Collectible Set,,,False,GreenCollectiblesStory_Aline,0x830EDE02,value is a COUNT; decide threshold (e.g. >= 1) before enabling,inside story missions; replay-only if story pre-completed
1319509,Story Collectible Set - BC,Story Collectible Set,,,False,GreenCollectiblesStory_BC,0x1A46816C,value is a COUNT; decide threshold (e.g. >= 1) before enabling,inside story missions; replay-only if story pre-completed
1319510,Story Collectible Set - CatKruger,Story Collectible Set,,,False,GreenCollectiblesStory_CatKruger,0x21002867,value is a COUNT; decide threshold (e.g. >= 1) before enabling,inside story missions; replay-only if story pre-completed
1319511,Story Collectible Set - Celeste,Story Collectible Set,,,False,GreenCollectiblesStory_Celeste,0x56BE4AC0,value is a COUNT; decide threshold (e.g. >= 1) before enabling,inside story missions; replay-only if story pre-completed
1319512,Story Collectible Set - Connors,Story Collectible Set,,,False,GreenCollectiblesStory_Connors,0x497078EF,value is a COUNT; decide threshold (e.g. >= 1) before enabling,inside story missions; replay-only if story pre-completed
1319513,Story Collectible Set - DogenNanda,Story Collectible Set,,,False,GreenCollectiblesStory_DogenNanda,0x7280B32E,value is a COUNT; decide threshold (e.g. >= 1) before enabling,inside story missions; replay-only if story pre-completed
1319514,Story Collectible Set - IcarusNoah,Story Collectible Set,,,False,GreenCollectiblesStory_IcarusNoah,0xC2C462FA,value is a COUNT; decide threshold (e.g. >= 1) before enabling,inside story missions; replay-only if story pre-completed
1319515,Story Collectible Set - KristianRosetta,Story Collectible Set,,,False,GreenCollectiblesStory_KristianRosetta,0x807282B6,value is a COUNT; decide threshold (e.g. >= 1) before enabling,inside story missions; replay-only if story pre-completed
1319516,Story Collectible Set - RebeccasPath,Story Collectible Set,,,False,GreenCollectiblesStory_RebeccasPath,0x6BE8FFE2,value is a COUNT; decide threshold (e.g. >= 1) before enabling,inside story missions; replay-only if story pre-completed
1319517,Mission Document - BackInTheGame,Mission Document,,,False,IntelCollectiblesMission_BackInTheGame,0x5709B678,value is a COUNT; decide threshold (e.g. >= 1) before enabling,inside story missions; replay-only if story pre-completed
1319518,Mission Document - Benefactor,Mission Document,,,False,IntelCollectiblesMission_Benefactor,0x5BB57A42,value is a COUNT; decide threshold (e.g. >= 1) before enabling,inside story missions; replay-only if story pre-completed
1319519,Mission Document - Kingdom,Mission Document,,,False,IntelCollectiblesMission_Kingdom,0xE302946E,value is a COUNT; decide threshold (e.g. >= 1) before enabling,inside story missions; replay-only if story pre-completed
1319520,Mission Document - SavantExtraordinaire,Mission Document,,,False,IntelCollectiblesMission_SavantExtraordinaire,0xAF85EE47,value is a COUNT; decide threshold (e.g. >= 1) before enabling,inside story missions; replay-only if story pre-completed
1319521,Mission Runner Bag - RunnerBagsBackInTheGame,Mission Runner Bag,,,False,RunnerBagsMission_RunnerBagsBackInTheGame,0x759D344D,value is a COUNT; decide threshold (e.g. >= 1) before enabling,inside story missions; replay-only if story pre-completed
1319522,Mission Runner Bag - RunnerBagsBenefactor,Mission Runner Bag,,,False,RunnerBagsMission_RunnerBagsBenefactor,0x0BC5B717,value is a COUNT; decide threshold (e.g. >= 1) before enabling,inside story missions; replay-only if story pre-completed
1319523,Mission Runner Bag - RunnerBagsFamilyMatters,Mission Runner Bag,,,False,RunnerBagsMission_RunnerBagsFamilyMatters,0x9DE5BFC8,value is a COUNT; decide threshold (e.g. >= 1) before enabling,inside story missions; replay-only if story pre-completed
1319524,Mission Runner Bag - RunnerBagsKingdom,Mission Runner Bag,,,False,RunnerBagsMission_RunnerBagsKingdom,0xDEA0C09B,value is a COUNT; decide threshold (e.g. >= 1) before enabling,inside story missions; replay-only if story pre-completed
1319525,Mission Runner Bag - RunnerBagsPrisonerX,Mission Runner Bag,,,False,RunnerBagsMission_RunnerBagsPrisonerX,0xB2A09120,value is a COUNT; decide threshold (e.g. >= 1) before enabling,inside story missions; replay-only if story pre-completed
1319526,Mission Runner Bag - RunnerBagsSavantExtraordinaire,Mission Runner Bag,,,False,RunnerBagsMission_RunnerBagsSavantExtraordinaire,0xDE9E6712,value is a COUNT; decide threshold (e.g. >= 1) before enabling,inside story missions; replay-only if story pre-completed
1319527,Mission Runner Bag - RunnerBagsTheShard,Mission Runner Bag,,,False,RunnerBagsMission_RunnerBagsTheShard,0x62147BC3,value is a COUNT; decide threshold (e.g. >= 1) before enabling,inside story missions; replay-only if story pre-completed
1319528,Mission Runner Bag - RunnerBagsViveLaResistance,Mission Runner Bag,,,False,RunnerBagsMission_RunnerBagsViveLaResistance,0xA9CBB754,value is a COUNT; decide threshold (e.g. >= 1) before enabling,inside story missions; replay-only if story pre-completed
